[{"model": "admin.logentry", "pk": 1, "fields": {"action_time": "2026-03-25T20:44:33.822Z", "user": 1, "content_type": 4, "object_id": "9", "object_repr": "sophie_williams", "action_flag": 2, "change_message": "[]"}}, {"model": "admin.logentry", "pk": 2, "fields": {"action_time": "2026-03-25T20:46:15.265Z", "user": 1, "content_type": 4, "object_id": "12", "object_repr": "dev2", "action_flag": 2, "change_message": "[{\"changed\": {\"fields\": [\"Last login\", \"Date joined\"]}}]"}}, {"model": "admin.logentry", "pk": 3, "fields": {"action_time": "2026-03-30T16:48:29.520Z", "user": 1, "content_type": 7, "object_id": "66", "object_repr": "Home Decor", "action_flag": 2, "change_message": "[{\"changed\": {\"fields\": [\"Title\", \"Description\", \"Artist statement\"]}}]"}}, {"model": "admin.logentry", "pk": 4, "fields": {"action_time": "2026-03-30T16:50:07.268Z", "user": 1, "content_type": 7, "object_id": "67", "object_repr": "Eco Jewelry", "action_flag": 2, "change_message": "[{\"changed\": {\"fields\": [\"Title\", \"Description\", \"Materials\", \"Artist statement\"]}}]"}}, {"model": "admin.logentry", "pk": 5, "fields": {"action_time": "2026-03-31T02:24:41.199Z", "user": 1, "content_type": 17, "object_id": "1", "object_repr": "Alekhya Mysore", "action_flag": 2, "change_message": "[{\"changed\": {\"fields\": [\"Is approved\"]}}]"}}, {"model": "admin.logentry", "pk": 6, "fields": {"action_time": "2026-03-31T02:54:27.940Z", "user": 1, "content_type": 17, "object_id": "5", "object_repr": "Balaji Mysore", "action_flag": 2, "change_message": "[{\"changed\": {\"fields\": [\"Is approved\"]}}]"}}, {"model": "auth.permission", "pk": 1, "fields": {"name": "Can add log entry", "content_type": 1, "codename": "add_logentry"}}, {"model": "auth.permission", "pk": 2, "fields": {"name": "Can change log entry", "content_type": 1, "codename": "change_logentry"}}, {"model": "auth.permission", "pk": 3, "fields": {"name": "Can delete log entry", "content_type": 1, "codename": "delete_logentry"}}, {"model": "auth.permission", "pk": 4, "fields": {"name": "Can view log entry", "content_type": 1, "codename": "view_logentry"}}, {"model": "auth.permission", "pk": 5, "fields": {"name": "Can add permission", "content_type": 2, "codename": "add_permission"}}, {"model": "auth.permission", "pk": 6, "fields": {"name": "Can change permission", "content_type": 2, "codename": "change_permission"}}, {"model": "auth.permission", "pk": 7, "fields": {"name": "Can delete permission", "content_type": 2, "codename": "delete_permission"}}, {"model": "auth.permission", "pk": 8, "fields": {"name": "Can view permission", "content_type": 2, "codename": "view_permission"}}, {"model": "auth.permission", "pk": 9, "fields": {"name": "Can add group", "content_type": 3, "codename": "add_group"}}, {"model": "auth.permission", "pk": 10, "fields": {"name": "Can change group", "content_type": 3, "codename": "change_group"}}, {"model": "auth.permission", "pk": 11, "fields": {"name": "Can delete group", "content_type": 3, "codename": "delete_group"}}, {"model": "auth.permission", "pk": 12, "fields": {"name": "Can view group", "content_type": 3, "codename": "view_group"}}, {"model": "auth.permission", "pk": 13, "fields": {"name": "Can add user", "content_type": 4, "codename": "add_user"}}, {"model": "auth.permission", "pk": 14, "fields": {"name": "Can change user", "content_type": 4, "codename": "change_user"}}, {"model": "auth.permission", "pk": 15, "fields": {"name": "Can delete user", "content_type": 4, "codename": "delete_user"}}, {"model": "auth.permission", "pk": 16, "fields": {"name": "Can view user", "content_type": 4, "codename": "view_user"}}, {"model": "auth.permission", "pk": 17, "fields": {"name": "Can add content type", "content_type": 5, "codename": "add_contenttype"}}, {"model": "auth.permission", "pk": 18, "fields": {"name": "Can change content type", "content_type": 5, "codename": "change_contenttype"}}, {"model": "auth.permission", "pk": 19, "fields": {"name": "Can delete content type", "content_type": 5, "codename": "delete_contenttype"}}, {"model": "auth.permission", "pk": 20, "fields": {"name": "Can view content type", "content_type": 5, "codename": "view_contenttype"}}, {"model": "auth.permission", "pk": 21, "fields": {"name": "Can add session", "content_type": 6, "codename": "add_session"}}, {"model": "auth.permission", "pk": 22, "fields": {"name": "Can change session", "content_type": 6, "codename": "change_session"}}, {"model": "auth.permission", "pk": 23, "fields": {"name": "Can delete session", "content_type": 6, "codename": "delete_session"}}, {"model": "auth.permission", "pk": 24, "fields": {"name": "Can view session", "content_type": 6, "codename": "view_session"}}, {"model": "auth.permission", "pk": 25, "fields": {"name": "Can add product", "content_type": 7, "codename": "add_product"}}, {"model": "auth.permission", "pk": 26, "fields": {"name": "Can change product", "content_type": 7, "codename": "change_product"}}, {"model": "auth.permission", "pk": 27, "fields": {"name": "Can delete product", "content_type": 7, "codename": "delete_product"}}, {"model": "auth.permission", "pk": 28, "fields": {"name": "Can view product", "content_type": 7, "codename": "view_product"}}, {"model": "auth.permission", "pk": 29, "fields": {"name": "Can add contact message", "content_type": 8, "codename": "add_contactmessage"}}, {"model": "auth.permission", "pk": 30, "fields": {"name": "Can change contact message", "content_type": 8, "codename": "change_contactmessage"}}, {"model": "auth.permission", "pk": 31, "fields": {"name": "Can delete contact message", "content_type": 8, "codename": "delete_contactmessage"}}, {"model": "auth.permission", "pk": 32, "fields": {"name": "Can view contact message", "content_type": 8, "codename": "view_contactmessage"}}, {"model": "auth.permission", "pk": 33, "fields": {"name": "Can add profile", "content_type": 9, "codename": "add_profile"}}, {"model": "auth.permission", "pk": 34, "fields": {"name": "Can change profile", "content_type": 9, "codename": "change_profile"}}, {"model": "auth.permission", "pk": 35, "fields": {"name": "Can delete profile", "content_type": 9, "codename": "delete_profile"}}, {"model": "auth.permission", "pk": 36, "fields": {"name": "Can view profile", "content_type": 9, "codename": "view_profile"}}, {"model": "auth.permission", "pk": 37, "fields": {"name": "Can add review", "content_type": 10, "codename": "add_review"}}, {"model": "auth.permission", "pk": 38, "fields": {"name": "Can change review", "content_type": 10, "codename": "change_review"}}, {"model": "auth.permission", "pk": 39, "fields": {"name": "Can delete review", "content_type": 10, "codename": "delete_review"}}, {"model": "auth.permission", "pk": 40, "fields": {"name": "Can view review", "content_type": 10, "codename": "view_review"}}, {"model": "auth.permission", "pk": 41, "fields": {"name": "Can add order item", "content_type": 11, "codename": "add_orderitem"}}, {"model": "auth.permission", "pk": 42, "fields": {"name": "Can change order item", "content_type": 11, "codename": "change_orderitem"}}, {"model": "auth.permission", "pk": 43, "fields": {"name": "Can delete order item", "content_type": 11, "codename": "delete_orderitem"}}, {"model": "auth.permission", "pk": 44, "fields": {"name": "Can view order item", "content_type": 11, "codename": "view_orderitem"}}, {"model": "auth.permission", "pk": 45, "fields": {"name": "Can add order", "content_type": 12, "codename": "add_order"}}, {"model": "auth.permission", "pk": 46, "fields": {"name": "Can change order", "content_type": 12, "codename": "change_order"}}, {"model": "auth.permission", "pk": 47, "fields": {"name": "Can delete order", "content_type": 12, "codename": "delete_order"}}, {"model": "auth.permission", "pk": 48, "fields": {"name": "Can view order", "content_type": 12, "codename": "view_order"}}, {"model": "auth.permission", "pk": 49, "fields": {"name": "Can add notification", "content_type": 13, "codename": "add_notification"}}, {"model": "auth.permission", "pk": 50, "fields": {"name": "Can change notification", "content_type": 13, "codename": "change_notification"}}, {"model": "auth.permission", "pk": 51, "fields": {"name": "Can delete notification", "content_type": 13, "codename": "delete_notification"}}, {"model": "auth.permission", "pk": 52, "fields": {"name": "Can view notification", "content_type": 13, "codename": "view_notification"}}, {"model": "auth.permission", "pk": 53, "fields": {"name": "Can add wishlist", "content_type": 14, "codename": "add_wishlist"}}, {"model": "auth.permission", "pk": 54, "fields": {"name": "Can change wishlist", "content_type": 14, "codename": "change_wishlist"}}, {"model": "auth.permission", "pk": 55, "fields": {"name": "Can delete wishlist", "content_type": 14, "codename": "delete_wishlist"}}, {"model": "auth.permission", "pk": 56, "fields": {"name": "Can view wishlist", "content_type": 14, "codename": "view_wishlist"}}, {"model": "auth.permission", "pk": 57, "fields": {"name": "Can add art style", "content_type": 15, "codename": "add_artstyle"}}, {"model": "auth.permission", "pk": 58, "fields": {"name": "Can change art style", "content_type": 15, "codename": "change_artstyle"}}, {"model": "auth.permission", "pk": 59, "fields": {"name": "Can delete art style", "content_type": 15, "codename": "delete_artstyle"}}, {"model": "auth.permission", "pk": 60, "fields": {"name": "Can view art style", "content_type": 15, "codename": "view_artstyle"}}, {"model": "auth.permission", "pk": 61, "fields": {"name": "Can add category", "content_type": 16, "codename": "add_category"}}, {"model": "auth.permission", "pk": 62, "fields": {"name": "Can change category", "content_type": 16, "codename": "change_category"}}, {"model": "auth.permission", "pk": 63, "fields": {"name": "Can delete category", "content_type": 16, "codename": "delete_category"}}, {"model": "auth.permission", "pk": 64, "fields": {"name": "Can view category", "content_type": 16, "codename": "view_category"}}, {"model": "auth.permission", "pk": 65, "fields": {"name": "Can add artist application", "content_type": 17, "codename": "add_artistapplication"}}, {"model": "auth.permission", "pk": 66, "fields": {"name": "Can change artist application", "content_type": 17, "codename": "change_artistapplication"}}, {"model": "auth.permission", "pk": 67, "fields": {"name": "Can delete artist application", "content_type": 17, "codename": "delete_artistapplication"}}, {"model": "auth.permission", "pk": 68, "fields": {"name": "Can view artist application", "content_type": 17, "codename": "view_artistapplication"}}, {"model": "auth.user", "pk": 1, "fields": {"password": "pbkdf2_sha256$1000000$pDtVlcksSgSBOfC2gYuxem$C6FAo0wFKfU0EEhZt0CrXlRtObMeVrZrXrRwQc+1v7s=", "last_login": "2026-03-31T02:53:09.198Z", "is_superuser": true, "username": "dev", "first_name": "", "last_name": "", "email": "dev@gmail.com", "is_staff": true, "is_active": true, "date_joined": "2025-07-19T22:01:39.379Z", "groups": [], "user_permissions": []}}, {"model": "auth.user", "pk": 2, "fields": {"password": "pbkdf2_sha256$1000000$MgXBssCXBlQLYopuKzHc1m$OlmaIEw2X8yWU/7aI8kuB3Rp+4Z6EKWV1AohLIlRD4M=", "last_login": null, "is_superuser": false, "username": "sarah_greenwood", "first_name": "Sarah", "last_name": "Greenwood", "email": "sarah@greenwoodmetal.com", "is_staff": false, "is_active": true, "date_joined": "2025-07-19T22:39:46.198Z", "groups": [], "user_permissions": []}}, {"model": "auth.user", "pk": 3, "fields": {"password": "pbkdf2_sha256$1000000$aXnXUbb30IuoSuqg9ojfRw$qmz8DWrrMu5HMW8AaJEKa5vwLLMxU0KJjWQthn5FKpE=", "last_login": null, "is_superuser": false, "username": "maria_rodriguez", "first_name": "Maria", "last_name": "Rodriguez", "email": "maria@sustainablecrafts.com", "is_staff": false, "is_active": true, "date_joined": "2025-07-19T22:39:46.930Z", "groups": [], "user_permissions": []}}, {"model": "auth.user", "pk": 4, "fields": {"password": "pbkdf2_sha256$1000000$sdMGMjtKmcIJ5gzJJ5EXS7$2dSdDN3muJLcrJ4xRcd8B0xfdEcfVIckPYO4nbWYofg=", "last_login": null, "is_superuser": false, "username": "david_chen", "first_name": "David", "last_name": "Chen", "email": "david@earthartstudio.com", "is_staff": false, "is_active": true, "date_joined": "2025-07-19T22:39:47.652Z", "groups": [], "user_permissions": []}}, {"model": "auth.user", "pk": 5, "fields": {"password": "pbkdf2_sha256$1000000$zf8e4zMT8kcl7L9EiUeAt8$FYPLxWQKkQCOhIvv/phbGVP6y9M1fCiz40TldfGejTY=", "last_login": null, "is_superuser": false, "username": "emma_thompson", "first_name": "Emma", "last_name": "Thompson", "email": "emma@greencreations.com", "is_staff": false, "is_active": true, "date_joined": "2025-07-19T22:39:48.329Z", "groups": [], "user_permissions": []}}, {"model": "auth.user", "pk": 6, "fields": {"password": "pbkdf2_sha256$1000000$bINv1oJ5aMirTYWRS7AbcD$06ye5mPT6YnQFJBGExscNngg6XKFInHmPzFnxXAA2xc=", "last_login": null, "is_superuser": false, "username": "alex_rivera", "first_name": "Alex", "last_name": "Rivera", "email": "alex@naturalpaints.com", "is_staff": false, "is_active": true, "date_joined": "2025-07-19T22:39:49.033Z", "groups": [], "user_permissions": []}}, {"model": "auth.user", "pk": 7, "fields": {"password": "pbkdf2_sha256$1000000$OD46DHdA4dQTOFrEaIHzdk$3AaIIHoMaFhwWfpt/VCte+n0+dPJyWExKjJAqnLkeZA=", "last_login": null, "is_superuser": false, "username": "lisa_park", "first_name": "Lisa", "last_name": "Park", "email": "lisa@claycreations.com", "is_staff": false, "is_active": true, "date_joined": "2025-07-19T22:39:49.759Z", "groups": [], "user_permissions": []}}, {"model": "auth.user", "pk": 8, "fields": {"password": "pbkdf2_sha256$1000000$BkzyZN0eM7A9lQq9G9UcBy$ZZPMW4bkQSV4y30DU4Ca9SjQwkLu1p5/RKnX/2kDfFQ=", "last_login": null, "is_superuser": false, "username": "marcus_johnson", "first_name": "Marcus", "last_name": "Johnson", "email": "marcus@reclaimedwood.com", "is_staff": false, "is_active": true, "date_joined": "2025-07-19T22:39:50.444Z", "groups": [], "user_permissions": []}}, {"model": "auth.user", "pk": 9, "fields": {"password": "pbkdf2_sha256$1000000$DNywiyL8YWjrzBdRvSKiQN$Rz78RHgmkPYrlMZ3cEtQo/YXEe8mbHzRzc1mKQ6ieBY=", "last_login": null, "is_superuser": false, "username": "sophie_williams", "first_name": "Sophie", "last_name": "Williams", "email": "sophie@digitalecoart.com", "is_staff": false, "is_active": true, "date_joined": "2025-07-19T22:39:51Z", "groups": [], "user_permissions": []}}, {"model": "auth.user", "pk": 10, "fields": {"password": "pbkdf2_sha256$1000000$jZVrsWrCzXKKomlTS0q1mz$pAaEe/KgTHDzxqfR17FNDCkt3zlLQ5uFMoQho/Ot7gk=", "last_login": null, "is_superuser": false, "username": "carlos_mendez", "first_name": "Carlos", "last_name": "Mendez", "email": "carlos@folkartstudio.com", "is_staff": false, "is_active": true, "date_joined": "2025-07-19T22:39:51.824Z", "groups": [], "user_permissions": []}}, {"model": "auth.user", "pk": 11, "fields": {"password": "pbkdf2_sha256$1000000$5I6e5E2plyErj8EJ3nnDUp$wEVXwfmh3a+KeKV1aAFActofdjxkg2xV6kxZNFGTnB0=", "last_login": null, "is_superuser": false, "username": "aisha_patel", "first_name": "Aisha", "last_name": "Patel", "email": "aisha@zerowasteart.com", "is_staff": false, "is_active": true, "date_joined": "2025-07-19T22:39:52.484Z", "groups": [], "user_permissions": []}}, {"model": "auth.user", "pk": 12, "fields": {"password": "pbkdf2_sha256$1000000$wnkLsep0Lj7GDftZ9IXE54$czWfGF8hE6T6gfZJvMWvpbQf431/JEtHW9IUOcL/wfQ=", "last_login": "2026-02-22T22:43:32Z", "is_superuser": false, "username": "dev2", "first_name": "", "last_name": "", "email": "dev@gmail.com", "is_staff": false, "is_active": true, "date_joined": "2026-02-19T22:43:11Z", "groups": [], "user_permissions": []}}, {"model": "auth.user", "pk": 13, "fields": {"password": "pbkdf2_sha256$600000$GKJraJb2RkTO502VHMVTPb$u5Rl3utqI9/Jm3LUy+xjpZzdqM6pI+v+6CWVa5ZFZy4=", "last_login": "2025-07-19T22:45:04.758Z", "is_superuser": false, "username": "dev3", "first_name": "", "last_name": "", "email": "dev@gmail.com", "is_staff": false, "is_active": true, "date_joined": "2025-07-19T22:45:03.993Z", "groups": [], "user_permissions": []}}, {"model": "auth.user", "pk": 14, "fields": {"password": "pbkdf2_sha256$1000000$71XtzC8AYGnTA2wwVAhcWt$UjZ7AjNzypvA0NEZZ1syyjgXJdTuV7N+wSGsNzEyTyQ=", "last_login": "2025-07-20T02:07:58.943Z", "is_superuser": false, "username": "dev6", "first_name": "", "last_name": "", "email": "dev3@gmail.com", "is_staff": false, "is_active": true, "date_joined": "2025-07-20T02:07:57.627Z", "groups": [], "user_permissions": []}}, {"model": "auth.user", "pk": 15, "fields": {"password": "pbkdf2_sha256$600000$YEQU10SdCim5IwU8LpxGVs$r9czHr9ob7xsQ0bXHwUDleacgz8gAdDh+imWvCtW0Ws=", "last_login": "2025-07-29T00:48:49.925Z", "is_superuser": false, "username": "varshith", "first_name": "", "last_name": "", "email": "varshithbollojupt@gmail.com", "is_staff": false, "is_active": true, "date_joined": "2025-07-23T07:44:17.904Z", "groups": [], "user_permissions": []}}, {"model": "auth.user", "pk": 16, "fields": {"password": "pbkdf2_sha256$600000$zUQ5W420knp0iZxSuJKpBi$pV/OP+c7Y5kHlOTc0vM/dTLj0m6scRs5JsnOlxX4DyA=", "last_login": "2025-07-29T00:15:19.353Z", "is_superuser": false, "username": "vars", "first_name": "", "last_name": "", "email": "20d41a6713@gmail.com", "is_staff": false, "is_active": true, "date_joined": "2025-07-28T23:04:35.461Z", "groups": [], "user_permissions": []}}, {"model": "auth.user", "pk": 17, "fields": {"password": "pbkdf2_sha256$1000000$G1ntSgRMJA1KqcCBhAh2eU$Iuohg+lv+jj73vDXP9heukIoxU/E3e4b1mYu14tR76c=", "last_login": "2026-03-31T01:49:46.986Z", "is_superuser": false, "username": "Alekhya", "first_name": "", "last_name": "", "email": "mysorea@uwindsor.ca", "is_staff": false, "is_active": true, "date_joined": "2026-03-17T19:38:54.887Z", "groups": [], "user_permissions": []}}, {"model": "auth.user", "pk": 18, "fields": {"password": "pbkdf2_sha256$1200000$CsMJCniiDoKEbVATnucbUL$Xan2eqiZvgYqUTsja0wmsCyxKYOz8YHgThCCWuQbmVc=", "last_login": "2026-03-23T15:15:26.107Z", "is_superuser": false, "username": "Raman_Saini", "first_name": "", "last_name": "", "email": "vevogeb972@lxbeta.com", "is_staff": false, "is_active": true, "date_joined": "2026-03-23T15:15:25.894Z", "groups": [], "user_permissions": []}}, {"model": "auth.user", "pk": 19, "fields": {"password": "pbkdf2_sha256$1000000$wiQPThBC8OZL1dWJQRCP2W$a+DsQ9K6hhAVOmTRIufp+nTUrEAny4KQPkBrg6xKPaE=", "last_login": "2026-03-31T02:33:01.099Z", "is_superuser": false, "username": "Tanuja", "first_name": "", "last_name": "", "email": "tanuja@gmail.com", "is_staff": false, "is_active": true, "date_joined": "2026-03-31T02:23:22.936Z", "groups": [], "user_permissions": []}}, {"model": "auth.user", "pk": 20, "fields": {"password": "pbkdf2_sha256$1000000$LnxlIB5wPtqfjG0t6nZf7d$Y4l3Xdy+uwn7XqHgi/fnQiPunazS1n5L/u6V7vNlY28=", "last_login": "2026-03-31T02:54:44.316Z", "is_superuser": false, "username": "Balaji", "first_name": "", "last_name": "", "email": "balaji@gmail.com", "is_staff": false, "is_active": true, "date_joined": "2026-03-31T02:42:54.572Z", "groups": [], "user_permissions": []}}, {"model": "contenttypes.contenttype", "pk": 1, "fields": {"app_label": "admin", "model": "logentry"}}, {"model": "contenttypes.contenttype", "pk": 2, "fields": {"app_label": "auth", "model": "permission"}}, {"model": "contenttypes.contenttype", "pk": 3, "fields": {"app_label": "auth", "model": "group"}}, {"model": "contenttypes.contenttype", "pk": 4, "fields": {"app_label": "auth", "model": "user"}}, {"model": "contenttypes.contenttype", "pk": 5, "fields": {"app_label": "contenttypes", "model": "contenttype"}}, {"model": "contenttypes.contenttype", "pk": 6, "fields": {"app_label": "sessions", "model": "session"}}, {"model": "contenttypes.contenttype", "pk": 7, "fields": {"app_label": "market", "model": "product"}}, {"model": "contenttypes.contenttype", "pk": 8, "fields": {"app_label": "market", "model": "contactmessage"}}, {"model": "contenttypes.contenttype", "pk": 9, "fields": {"app_label": "market", "model": "profile"}}, {"model": "contenttypes.contenttype", "pk": 10, "fields": {"app_label": "market", "model": "review"}}, {"model": "contenttypes.contenttype", "pk": 11, "fields": {"app_label": "market", "model": "orderitem"}}, {"model": "contenttypes.contenttype", "pk": 12, "fields": {"app_label": "market", "model": "order"}}, {"model": "contenttypes.contenttype", "pk": 13, "fields": {"app_label": "market", "model": "notification"}}, {"model": "contenttypes.contenttype", "pk": 14, "fields": {"app_label": "market", "model": "wishlist"}}, {"model": "contenttypes.contenttype", "pk": 15, "fields": {"app_label": "market", "model": "artstyle"}}, {"model": "contenttypes.contenttype", "pk": 16, "fields": {"app_label": "market", "model": "category"}}, {"model": "contenttypes.contenttype", "pk": 17, "fields": {"app_label": "market", "model": "artistapplication"}}, {"model": "sessions.session", "pk": "0dqclas64o9idf6zlmw7niq96aotxj0k", "fields": {"session_data": ".eJxFyzsKgDAMANC7ZDVKmn7UnMNNpIh2KIiDLYqId1dcnB_vgj2mmJNnYltSXaoWRCmEZUzZfwYCP3bMYliUrozW3JqCSIgAYQtTWPNyviccYQbprUHboNPo7HA_2OgcTQ:1udGGu:jmrwOk35NJQBlHKj9QqMRa_MwnMEo6_pL_sLaBr81X0", "expire_date": "2025-08-02T22:43:12.371Z"}}, {"model": "sessions.session", "pk": "2zsmy3r35g6pgq2u0pti9wq4hg17i35q", "fields": {"session_data": ".eJyrVirLLM4sKY43MjAy0zUw1jWwVLIyNNZRykksLokHyylZKSEkQwxNrIDIwEzPwtLS0thM28DAysBASUcpObEIqDLazCxWR6koNTk1rySnEqg_tTw1BSJcCwAo7h4S:1vzbN0:1SWCBC79EJpm-yslcBZQwRwQkMaJYhna94QZf0DQQOo", "expire_date": "2026-03-23T14:14:06.935Z"}}, {"model": "sessions.session", "pk": "6zm7lqza7ppk5es5nsgdxlmsn0lkqayy", "fields": {"session_data": ".eJyrVirLLM4sKY43MjAy1TUw1zWyULIy0lHKSSwuiQdLKVkpIeRCjIysjM2sjC31LAwMjQ0ttA0MrAwMlGoBzW0SSw:1ugWSV:qnDN5QHku6WN5deCUqX3kTCfqt8NP9ahMA3MSHlLysk", "expire_date": "2025-08-11T22:36:39.869Z"}}, {"model": "sessions.session", "pk": "7kuknnsvckj5dzgm8p0kuvbwyd4pcvs2", "fields": {"session_data": ".eJxVj8FqwzAQRP9F1yZiV4rWKx97zy23UMTKkmunxgbLySXk36uUQAnMad7MwNzVbSzjVoIBQ3uwe2NVi2anJilb-GOqVf_whK6tMqQRib3_AGgB1E4FuW5DuJa8hjHVCvK7GaX7yfOTpIvM34vulnlbx6ifEf2iRR-XlKfPV_ZtYJAy1LbPXlLjPfQOY7aOGhvZCqYGEnVo2XPDbDzYaMhgf3AsEYFIDj0x2jrayVpPnR18PX4BDBJL5w:1w4h1k:sd-ah7HnLPr9ltbomOPaw29PrQmr7twweeLZkC-BAE0", "expire_date": "2026-04-06T15:17:12.732Z"}}, {"model": "sessions.session", "pk": "7ymu6aryamsuh53yc9s8gi7etrq3lggo", "fields": {"session_data": ".eJyrVirLLM4sKY43MjAy0zUw1jUyVrIy1FHKSSwuiQdLKVkpIeRCDE2sjMysDCz1jIwsDcwttQ0MrAwMlGoBytcSPw:1w4gEL:kEz8fTSGanwcUcBNZmfeE_AGdNV13md0j7hNl2DrNoQ", "expire_date": "2026-04-06T14:26:09.258Z"}}, {"model": "sessions.session", "pk": "8h7dyu3tint9oufq64h5yf1cev5kxhd8", "fields": {"session_data": ".eJxVj7FuwzAMRP9FaxKBZCRb1ti9W7ciEChKqp0GNmA5XYr-e5QgQJGR994dwF_1M9Vpq4GA7AH6Ax2Vx26vLly38GDKq3_4Ac4TeiJtLB6JdgAeQO1V4Os2hmvNa5hSq6B9DSPLd57vJJ15_lq0LPO2TlHfFf2kVb8vKV_enu7LwMh1bO2cUGJJg_QdOZbEQs5m47JhiNjbFAdbCqA4wK6IMUPT2plTMWkAbKPCa3vqs7OnvxtsaU4C:1ueUj4:SSOdQaH4mxXrRnLEobkh34BdrY7MSY4o5oTJL5oYCvA", "expire_date": "2025-08-06T08:21:22.472Z"}}, {"model": "sessions.session", "pk": "dd8c0bdev2a6vlhs3qsvqgyjbewvq2vm", "fields": {"session_data": ".eJxVj8FuwyAQRP-Fax0ELCyGY--99RZFCOOldmrZkiGJqqr_XlJFqnLdN_O0882uc5lrCUooPAg4SMu8hI4tsdTwx5hn__BdOq-NB81RGmHgRQgvBOtYiJc6hUuhPcxjqzTP03GI6ZPWOxnPcf3YeNrWus8Dv0f4gxb-to20vD6yT4Iplqm1wcYsQMEgNaUsM7lolNOESJigjzEBqCSNdkqi06rvnYWcNWgn0Vhq0p0SrXX5avPoRu2lI9oO8dSxFPc293j6-QXATVSO:1w2aMA:G89HK-AwtY-XE6IZTs0yjN23Pp4jzOzvTNh1jcczUq4", "expire_date": "2026-03-31T19:45:34.653Z"}}, {"model": "sessions.session", "pk": "l9f7uj65k70w9caei38eq4v1i2hagrm7", "fields": {"session_data": ".eJxVj8tqwzAURP9F2ypCvpKuHsvuu-suBKGXa6fGBktJKKX_XqUESrZzZoaZb3Kd69yqBw7qwPUBgDghKVlCbf6PEUf-4TsIx6XjwBSA5fqFc8c5ocSHS5v8pZbdz7lHBngWY0ifZb2TfA7rx8bStrZ9juxuYQ9a2duWy_L68D4VTKFOPS2kzGhHo2UQBnQxoFIKJVkJEkUMcYwJohQi6NHgoNEIbUoGkHawGlQvTWHvp46IJ0r2ksralq9-tdxKn3dUlkqKiiKniBQ1RXH6-QUNvVfb:1ueM4X:iwGkkYoMEA1Z1cBuz6oGCYNtLri5-D4LtWEfwskOduk", "expire_date": "2025-08-05T23:06:57.444Z"}}, {"model": "sessions.session", "pk": "qx4y83gwxam7xp3abt5uxxfe683e6dy2", "fields": {"session_data": ".eJxVjL0OgjAURt-lq9Jcbv9oR3c39-aWFkEJJBRcjO-uEBLD-p1zvjd7dbmbs0dAXYAoRMmcOLOe8uw3xBz7sxugU9KpkmtrUeoTgANgZ-ZpmVu_5DT5Lm7JcQxUP9Owkvig4T7yehzmqQt8VfhOM7-OMfWX3T0ctJTbX10Ja1DWVR0BbSRSOpU2qaqhkLSwYCQJBGG0hiBRJhNUDNE0EmyjZYPs8wVqykkk:1w7PFj:SOgLQhvDQGET_cMCe7MkqAuUwEXgsX8QvAiTiT8MbMo", "expire_date": "2026-04-14T02:54:51.728Z"}}, {"model": "sessions.session", "pk": "tnh0n001jgj9h12zlx7c4jbthi4vmvpb", "fields": {"session_data": ".eJyrVirLLM4sKY43MjAy1TUw1zWyVLIy0lHKSSwuiQdLKVkpIeRCDAysTIysjMz0zC3MLY0MtYF8AwOlWgDNlxJP:1ugYQE:Ty_kftv1hHkN17C6OjjX7C8va7j3fu3GvD0C1FmfU6M", "expire_date": "2025-08-12T00:42:26.883Z"}}, {"model": "sessions.session", "pk": "y7edifdwxtj43zmxertk73zatj5s1593", "fields": {"session_data": ".eJxVjMsOgjAURP-lW6G5lNbesnTvzn1z-xKUQELBjfHfBUNiWM6cM_Nmry53c7YChCpBl8KwRhSspzzbH2IN-7MbQCOxkYYbtbbVac0ArGCWlrm1S46T7cI6qdSxdOSfcdhIeNBwH7kfh3nqHN8UvtPMr2OI_WV3Dwct5Xb71ZiSBwnJJwdBUxKEMklymuLZBZcATU1aCaUwgovowdSoAIVXNSH7fAGvm0oW:1ugYWQ:B0reEJXUB_ySWeNgaEccqbg__dOFdIMV59SkIu3hBR0", "expire_date": "2025-08-12T00:48:50.034Z"}}, {"model": "market.category", "pk": 1, "fields": {"name": "eco_jewelry", "display_name": "🌿 Eco Jewelry", "description": "Sustainable jewelry made from eco-friendly or recycled materials.", "icon": "fas fa-gem", "is_active": true, "created_at": "2026-01-06T10:15:00Z"}}, {"model": "market.category", "pk": 2, "fields": {"name": "recycled_sculptures", "display_name": "🔩 Recycled Metal Sculptures", "description": "Creative sculptures made from recycled metal and salvaged parts.", "icon": "fas fa-cogs", "is_active": true, "created_at": "2026-02-07T10:15:00Z"}}, {"model": "market.category", "pk": 3, "fields": {"name": "wall_art", "display_name": "🎨 Wall Art & Fine Art", "description": "Eco-conscious paintings, wall hangings, and artistic displays.", "icon": "fas fa-palette", "is_active": true, "created_at": "2026-01-08T10:15:00Z"}}, {"model": "market.category", "pk": 4, "fields": {"name": "home_decor", "display_name": "🏠 Home Decor & Sculptures", "description": "Decor items and sculptures for sustainable living spaces.", "icon": "fas fa-home", "is_active": true, "created_at": "2026-02-09T10:15:00Z"}}, {"model": "market.category", "pk": 5, "fields": {"name": "handmade_artisan", "display_name": "🔨 Handmade & Artisan Products", "description": "Handcrafted artisan works made with care and creativity.", "icon": "fas fa-hammer", "is_active": true, "created_at": "2026-01-10T10:15:00Z"}}, {"model": "market.category", "pk": 6, "fields": {"name": "natural_sustainable", "display_name": "🌱 Natural & Sustainable Products", "description": "Products made with natural, low-impact, and sustainable materials.", "icon": "fas fa-leaf", "is_active": true, "created_at": "2026-02-11T10:15:00Z"}}, {"model": "market.category", "pk": 7, "fields": {"name": "sustainable_fashion", "display_name": "👕 Sustainable Fashion", "description": "Eco-friendly clothing, accessories, and wearable creations.", "icon": "fas fa-tshirt", "is_active": true, "created_at": "2026-01-12T10:15:00Z"}}, {"model": "market.category", "pk": 8, "fields": {"name": "showcase_educational", "display_name": "📸 Showcase & Educational", "description": "Educational or showcase items focused on sustainability and art.", "icon": "fas fa-camera", "is_active": true, "created_at": "2026-02-13T10:15:00Z"}}, {"model": "market.category", "pk": 9, "fields": {"name": "other", "display_name": "✨ Other", "description": "Other creative sustainable products and artworks.", "icon": "fas fa-star", "is_active": true, "created_at": "2026-01-14T10:15:00Z"}}, {"model": "market.product", "pk": 1, "fields": {"title": "Upcycled Product 16", "description": "Natural natural upcycled eco product 16 by Aisha Patel created with organic materials and sustainable processes. This piece celebrates the harmony between art and nature.", "price": "114.00", "category": "natural_sustainable", "art_style": "mixed_media", "materials": "Upcycled materials, natural finishes, eco-friendly adhesives", "dimensions": "Set of 6 colors", "image": "products/upcycled-eco-product-16.webp", "location": "Brooklyn, New York", "owner": 11, "created_at": "2026-01-02T10:00:00Z", "artist_statement": "Celebrating the circular economy, this artwork gives new purpose to materials that would otherwise be discarded.", "sustainability_rating": 5}}, {"model": "market.product", "pk": 2, "fields": {"title": "Upcycled Product 17", "description": "Natural natural upcycled eco product 17 by Aisha Patel created with organic materials and sustainable processes. This piece celebrates the harmony between art and nature.", "price": "265.00", "category": "natural_sustainable", "art_style": "mixed_media", "materials": "Zero-waste materials, natural fibers, sustainable practices", "dimensions": "Custom dimensions", "image": "products/upcycled-eco-product-17.webp", "location": "Brooklyn, New York", "owner": 11, "created_at": "2026-02-03T10:00:00Z", "artist_statement": "This artwork demonstrates that beauty and sustainability can coexist, inspiring others to make eco-conscious choices.", "sustainability_rating": 4}}, {"model": "market.product", "pk": 3, "fields": {"title": "Upcycled Product 18", "description": "Natural natural upcycled eco product 18 by Aisha Patel created with organic materials and sustainable processes. This piece celebrates the harmony between art and nature.", "price": "128.00", "category": "natural_sustainable", "art_style": "mixed_media", "materials": "Upcycled materials, natural finishes, eco-friendly adhesives", "dimensions": "Various sizes", "image": "products/upcycled-eco-product-18.webp", "location": "Brooklyn, New York", "owner": 11, "created_at": "2026-01-04T10:00:00Z", "artist_statement": "Transforming waste into wonder, this creation challenges our perception of beauty and sustainability.", "sustainability_rating": 4}}, {"model": "market.product", "pk": 4, "fields": {"title": "Upcycled Product 19", "description": "Natural natural upcycled eco product 19 by Aisha Patel created with organic materials and sustainable processes. This piece celebrates the harmony between art and nature.", "price": "144.00", "category": "natural_sustainable", "art_style": "sculptural", "materials": "Recycled components, sustainable binders, natural elements", "dimensions": "Custom dimensions", "image": "products/upcycled-eco-product-19.webp", "location": "Brooklyn, New York", "owner": 11, "created_at": "2026-02-05T10:00:00Z", "artist_statement": "This piece explores the relationship between human creativity and environmental responsibility.", "sustainability_rating": 5}}, {"model": "market.product", "pk": 5, "fields": {"title": "Upcycled Product 20", "description": "Natural natural upcycled eco product 20 by Aisha Patel created with organic materials and sustainable processes. This piece celebrates the harmony between art and nature.", "price": "205.00", "category": "natural_sustainable", "art_style": "sculptural", "materials": "Zero-waste materials, natural fibers, sustainable practices", "dimensions": "Custom dimensions", "image": "products/upcycled-eco-product-20.webp", "location": "Brooklyn, New York", "owner": 11, "created_at": "2026-01-06T10:00:00Z", "artist_statement": "Using traditional techniques with modern sustainable practices, this piece honors both craftsmanship and environmental responsibility.", "sustainability_rating": 4}}, {"model": "market.product", "pk": 6, "fields": {"title": "Zero Waste Product 26", "description": "Natural natural zero waste eco product 26 by Aisha Patel created with organic materials and sustainable processes. This piece celebrates the harmony between art and nature.", "price": "119.00", "category": "natural_sustainable", "art_style": "sculptural", "materials": "Recycled components, sustainable binders, natural elements", "dimensions": "Set of 6 colors", "image": "products/zero-waste-eco-product-26.webp", "location": "Brooklyn, New York", "owner": 11, "created_at": "2026-02-07T10:00:00Z", "artist_statement": "This piece represents the harmony between nature and human creativity, using materials that give back to the earth.", "sustainability_rating": 3}}, {"model": "market.product", "pk": 7, "fields": {"title": "Zero Waste Product 27", "description": "Natural natural zero waste eco product 27 by Aisha Patel created with organic materials and sustainable processes. This piece celebrates the harmony between art and nature.", "price": "138.00", "category": "natural_sustainable", "art_style": "sculptural", "materials": "Recycled components, sustainable binders, natural elements", "dimensions": "Custom dimensions", "image": "products/zero-waste-eco-product-27.webp", "location": "Brooklyn, New York", "owner": 11, "created_at": "2026-01-08T10:00:00Z", "artist_statement": "Created with environmental consciousness, this piece tells a story of renewal and responsible creativity.", "sustainability_rating": 3}}, {"model": "market.product", "pk": 8, "fields": {"title": "Zero Waste Product 28", "description": "Natural natural zero waste eco product 28 by Aisha Patel created with organic materials and sustainable processes. This piece celebrates the harmony between art and nature.", "price": "298.00", "category": "natural_sustainable", "art_style": "sculptural", "materials": "Zero-waste materials, natural fibers, sustainable practices", "dimensions": "Various sizes", "image": "products/zero-waste-eco-product-28.webp", "location": "Brooklyn, New York", "owner": 11, "created_at": "2026-02-09T10:00:00Z", "artist_statement": "This artwork demonstrates that beauty and sustainability can coexist, inspiring others to make eco-conscious choices.", "sustainability_rating": 3}}, {"model": "market.product", "pk": 9, "fields": {"title": "Natural Eco Paints Collection", "description": "Natural natural natural eco paints collection by Alex Rivera created with organic materials and sustainable processes. This piece celebrates the harmony between art and nature.", "price": "123.00", "category": "natural_sustainable", "art_style": "functional", "materials": "Upcycled materials, natural finishes, eco-friendly adhesives", "dimensions": "Various sizes", "image": "products/natural-eco-paints-collection.webp", "location": "Boulder, Colorado", "owner": 6, "created_at": "2026-01-10T10:00:00Z", "artist_statement": "Transforming waste into wonder, this creation challenges our perception of beauty and sustainability.", "sustainability_rating": 3}}, {"model": "market.product", "pk": 10, "fields": {"title": "Artisan Handmade Item 01", "description": "Artisan-crafted artisan artisan handmade item 01 by Carlos Mendez using traditional techniques and sustainable materials. A testament to both craftsmanship and environmental responsibility.", "price": "81.00", "category": "handmade_artisan", "art_style": "functional", "materials": "Sustainable fibers, natural dyes, traditional techniques", "dimensions": "18\" x 18\"", "image": "products/artisan-handmade-item-01.webp", "location": "Santa Fe, New Mexico", "owner": 10, "created_at": "2026-02-11T10:00:00Z", "artist_statement": "This artwork demonstrates that beauty and sustainability can coexist, inspiring others to make eco-conscious choices.", "sustainability_rating": 5}}, {"model": "market.product", "pk": 11, "fields": {"title": "Artisan Handmade Item 02", "description": "Artisan-crafted artisan artisan handmade item 02 by Carlos Mendez using traditional techniques and sustainable materials. A testament to both craftsmanship and environmental responsibility.", "price": "66.00", "category": "handmade_artisan", "art_style": "functional", "materials": "Organic cotton, natural indigo dye, sustainable mordants", "dimensions": "Variable dimensions", "image": "products/artisan-handmade-item-02.webp", "location": "Santa Fe, New Mexico", "owner": 10, "created_at": "2026-01-12T10:00:00Z", "artist_statement": "Transforming waste into wonder, this creation challenges our perception of beauty and sustainability.", "sustainability_rating": 3}}, {"model": "market.product", "pk": 12, "fields": {"title": "Artisan Handmade Item 03", "description": "Artisan-crafted artisan artisan handmade item 03 by Carlos Mendez using traditional techniques and sustainable materials. A testament to both craftsmanship and environmental responsibility.", "price": "159.00", "category": "handmade_artisan", "art_style": "functional", "materials": "Sustainable fibers, natural dyes, traditional techniques", "dimensions": "Variable dimensions", "image": "products/artisan-handmade-item-03.webp", "location": "Santa Fe, New Mexico", "owner": 10, "created_at": "2026-02-13T10:00:00Z", "artist_statement": "Giving new life to discarded materials, this artwork celebrates the beauty of sustainable practices.", "sustainability_rating": 3}}, {"model": "market.product", "pk": 13, "fields": {"title": "Artisan Handmade Item 04", "description": "Artisan-crafted artisan artisan handmade item 04 by Carlos Mendez using traditional techniques and sustainable materials. A testament to both craftsmanship and environmental responsibility.", "price": "191.00", "category": "handmade_artisan", "art_style": "traditional", "materials": "Handmade paper, natural pigments, eco-friendly binders", "dimensions": "24\" x 24\"", "image": "products/artisan-handmade-item-04.webp", "location": "Santa Fe, New Mexico", "owner": 10, "created_at": "2026-01-14T10:00:00Z", "artist_statement": "This piece explores the relationship between human creativity and environmental responsibility.", "sustainability_rating": 3}}, {"model": "market.product", "pk": 14, "fields": {"title": "Artisan Handmade Item 05", "description": "Artisan-crafted artisan artisan handmade item 05 by Carlos Mendez using traditional techniques and sustainable materials. A testament to both craftsmanship and environmental responsibility.", "price": "105.00", "category": "handmade_artisan", "art_style": "functional", "materials": "Recycled fabrics, natural dyes, sustainable thread", "dimensions": "24\" x 24\"", "image": "products/artisan-handmade-item-05.webp", "location": "Santa Fe, New Mexico", "owner": 10, "created_at": "2026-02-15T10:00:00Z", "artist_statement": "Using traditional techniques with modern sustainable practices, this piece honors both craftsmanship and environmental responsibility.", "sustainability_rating": 5}}, {"model": "market.product", "pk": 15, "fields": {"title": "Artisan Handmade Craft Item 01", "description": "Artisan-crafted artisan handmade craft item 01 by Carlos Mendez using traditional techniques and sustainable materials. A testament to both craftsmanship and environmental responsibility.", "price": "45.00", "category": "handmade_artisan", "art_style": "functional", "materials": "Recycled fabrics, natural dyes, sustainable thread", "dimensions": "24\" x 24\"", "image": "products/handmade-craft-item-01.webp", "location": "Santa Fe, New Mexico", "owner": 10, "created_at": "2026-01-16T10:00:00Z", "artist_statement": "This piece explores the relationship between human creativity and environmental responsibility.", "sustainability_rating": 3}}, {"model": "market.product", "pk": 16, "fields": {"title": "Artisan Handmade Craft Item 02", "description": "Artisan-crafted artisan handmade craft item 02 by Carlos Mendez using traditional techniques and sustainable materials. A testament to both craftsmanship and environmental responsibility.", "price": "81.00", "category": "handmade_artisan", "art_style": "functional", "materials": "Organic cotton, natural indigo dye, sustainable mordants", "dimensions": "24\" x 24\"", "image": "products/handmade-craft-item-02.webp", "location": "Santa Fe, New Mexico", "owner": 10, "created_at": "2026-02-17T10:00:00Z", "artist_statement": "This artwork demonstrates that beauty and sustainability can coexist, inspiring others to make eco-conscious choices.", "sustainability_rating": 5}}, {"model": "market.product", "pk": 17, "fields": {"title": "Artisan Handmade Craft Item 03", "description": "Artisan-crafted artisan handmade craft item 03 by Carlos Mendez using traditional techniques and sustainable materials. A testament to both craftsmanship and environmental responsibility.", "price": "145.00", "category": "handmade_artisan", "art_style": "functional", "materials": "Handmade paper, natural pigments, eco-friendly binders", "dimensions": "18\" x 18\"", "image": "products/handmade-craft-item-03.webp", "location": "Santa Fe, New Mexico", "owner": 10, "created_at": "2026-01-18T10:00:00Z", "artist_statement": "This piece explores the relationship between human creativity and environmental responsibility.", "sustainability_rating": 5}}, {"model": "market.product", "pk": 18, "fields": {"title": "Wall Art 01", "description": "Contemporary eco eco wall art 01 by David Chen that combines artistic expression with environmental consciousness. Perfect for adding sustainable beauty to any space.", "price": "200.00", "category": "wall_art", "art_style": "collage", "materials": "Natural pigments, sustainable canvas, eco-friendly varnish", "dimensions": "24\" x 18\"", "image": "products/eco-wall-art-01.webp", "location": "Seattle, Washington", "owner": 4, "created_at": "2026-02-19T10:00:00Z", "artist_statement": "Using traditional techniques with modern sustainable practices, this piece honors both craftsmanship and environmental responsibility.", "sustainability_rating": 5}}, {"model": "market.product", "pk": 19, "fields": {"title": "Wall Art 02", "description": "Contemporary eco eco wall art 02 by David Chen that combines artistic expression with environmental consciousness. Perfect for adding sustainable beauty to any space.", "price": "551.00", "category": "wall_art", "art_style": "contemporary", "materials": "Natural pigments, sustainable canvas, eco-friendly varnish", "dimensions": "48\" x 36\"", "image": "products/eco-wall-art-02.webp", "location": "Seattle, Washington", "owner": 4, "created_at": "2026-01-20T10:00:00Z", "artist_statement": "This artwork demonstrates that beauty and sustainability can coexist, inspiring others to make eco-conscious choices.", "sustainability_rating": 3}}, {"model": "market.product", "pk": 20, "fields": {"title": "Wall Art 03", "description": "Contemporary eco eco wall art 03 by David Chen that combines artistic expression with environmental consciousness. Perfect for adding sustainable beauty to any space.", "price": "255.00", "category": "wall_art", "art_style": "contemporary", "materials": "Mixed media, recycled materials, sustainable adhesives", "dimensions": "36\" x 24\"", "image": "products/eco-wall-art-03.webp", "location": "Seattle, Washington", "owner": 4, "created_at": "2026-02-21T10:00:00Z", "artist_statement": "This piece explores the relationship between human creativity and environmental responsibility.", "sustainability_rating": 3}}, {"model": "market.product", "pk": 21, "fields": {"title": "Wall Art 04", "description": "Contemporary eco eco wall art 04 by David Chen that combines artistic expression with environmental consciousness. Perfect for adding sustainable beauty to any space.", "price": "506.00", "category": "wall_art", "art_style": "collage", "materials": "Eco-friendly acrylic paints, organic cotton canvas, reclaimed wood frame", "dimensions": "48\" x 36\"", "image": "products/eco-wall-art-04.webp", "location": "Seattle, Washington", "owner": 4, "created_at": "2026-01-22T10:00:00Z", "artist_statement": "This artwork demonstrates that beauty and sustainability can coexist, inspiring others to make eco-conscious choices.", "sustainability_rating": 3}}, {"model": "market.product", "pk": 22, "fields": {"title": "Wall Art 05", "description": "Contemporary eco eco wall art 05 by David Chen that combines artistic expression with environmental consciousness. Perfect for adding sustainable beauty to any space.", "price": "271.00", "category": "wall_art", "art_style": "collage", "materials": "Natural pigments, sustainable canvas, eco-friendly varnish", "dimensions": "24\" x 18\"", "image": "products/eco-wall-art-05.webp", "location": "Seattle, Washington", "owner": 4, "created_at": "2026-02-23T10:00:00Z", "artist_statement": "Created with environmental consciousness, this piece tells a story of renewal and responsible creativity.", "sustainability_rating": 3}}, {"model": "market.product", "pk": 23, "fields": {"title": "Eco Sustainable Fine Art Piece", "description": "Contemporary eco sustainable fine art piece by David Chen that combines artistic expression with environmental consciousness. Perfect for adding sustainable beauty to any space.", "price": "307.00", "category": "wall_art", "art_style": "contemporary", "materials": "Eco-friendly acrylic paints, organic cotton canvas, reclaimed wood frame", "dimensions": "48\" x 36\"", "image": "products/sustainable-fine-art-piece.webp", "location": "Seattle, Washington", "owner": 4, "created_at": "2026-01-24T10:00:00Z", "artist_statement": "Transforming waste into wonder, this creation challenges our perception of beauty and sustainability.", "sustainability_rating": 4}}, {"model": "market.product", "pk": 24, "fields": {"title": "Eco Three Waves Collage Art Marissa Schiesser", "description": "Contemporary eco three waves collage art marissa schiesser by David Chen that combines artistic expression with environmental consciousness. Perfect for adding sustainable beauty to any space.", "price": "391.00", "category": "wall_art", "art_style": "contemporary", "materials": "Recycled paper, natural dyes, sustainable glue, reclaimed wood frame", "dimensions": "48\" x 36\"", "image": "products/three-waves-collage-art-marissa-schiesser.webp", "location": "Seattle, Washington", "owner": 4, "created_at": "2026-02-25T10:00:00Z", "artist_statement": "Giving new life to discarded materials, this artwork celebrates the beauty of sustainable practices.", "sustainability_rating": 5}}, {"model": "market.product", "pk": 25, "fields": {"title": "Eco Universal Vulnerability Art Leon Zernitsky", "description": "Contemporary eco universal vulnerability art leon zernitsky by David Chen that combines artistic expression with environmental consciousness. Perfect for adding sustainable beauty to any space.", "price": "317.00", "category": "wall_art", "art_style": "collage", "materials": "Mixed media, recycled materials, sustainable adhesives", "dimensions": "36\" x 24\"", "image": "products/universal-vulnerability-art-leon-zernitsky.webp", "location": "Seattle, Washington", "owner": 4, "created_at": "2026-01-26T10:00:00Z", "artist_statement": "This piece explores the relationship between human creativity and environmental responsibility.", "sustainability_rating": 5}}, {"model": "market.product", "pk": 26, "fields": {"title": "Clothing Collection 01", "description": "Stylish sustainable sustainable clothing collection 01 by Emma Thompson made from sustainable materials and ethical production practices. Fashion that cares for the planet.", "price": "271.00", "category": "sustainable_fashion", "art_style": "wearable", "materials": "Sustainable textiles, natural dyes, ethical production", "dimensions": "One size fits most", "image": "products/sustainable-clothing-collection-01.webp", "location": "San Francisco, California", "owner": 5, "created_at": "2026-02-27T10:00:00Z", "artist_statement": "Created with environmental consciousness, this piece tells a story of renewal and responsible creativity.", "sustainability_rating": 4}}, {"model": "market.product", "pk": 27, "fields": {"title": "Clothing Collection 02", "description": "Stylish sustainable sustainable clothing collection 02 by Emma Thompson made from sustainable materials and ethical production practices. Fashion that cares for the planet.", "price": "262.00", "category": "sustainable_fashion", "art_style": "wearable", "materials": "Recycled fabrics, natural fibers, eco-friendly thread", "dimensions": "Various sizes available", "image": "products/sustainable-clothing-collection-02.webp", "location": "San Francisco, California", "owner": 5, "created_at": "2026-01-28T10:00:00Z", "artist_statement": "Giving new life to discarded materials, this artwork celebrates the beauty of sustainable practices.", "sustainability_rating": 4}}, {"model": "market.product", "pk": 28, "fields": {"title": "Clothing Collection 03", "description": "Stylish sustainable sustainable clothing collection 03 by Emma Thompson made from sustainable materials and ethical production practices. Fashion that cares for the planet.", "price": "193.00", "category": "sustainable_fashion", "art_style": "wearable", "materials": "Sustainable textiles, natural dyes, ethical production", "dimensions": "One size fits most", "image": "products/sustainable-clothing-collection-03.webp", "location": "San Francisco, California", "owner": 5, "created_at": "2026-02-01T10:00:00Z", "artist_statement": "Giving new life to discarded materials, this artwork celebrates the beauty of sustainable practices.", "sustainability_rating": 4}}, {"model": "market.product", "pk": 29, "fields": {"title": "Clothing Collection 04", "description": "Stylish sustainable sustainable clothing collection 04 by Emma Thompson made from sustainable materials and ethical production practices. Fashion that cares for the planet.", "price": "110.00", "category": "sustainable_fashion", "art_style": "wearable", "materials": "100% organic cotton, natural dyes, sustainable buttons", "dimensions": "One size fits most", "image": "products/sustainable-clothing-collection-04.webp", "location": "San Francisco, California", "owner": 5, "created_at": "2026-01-02T10:00:00Z", "artist_statement": "Celebrating the circular economy, this artwork gives new purpose to materials that would otherwise be discarded.", "sustainability_rating": 4}}, {"model": "market.product", "pk": 30, "fields": {"title": "Clothing Collection 05", "description": "Stylish sustainable sustainable clothing collection 05 by Emma Thompson made from sustainable materials and ethical production practices. Fashion that cares for the planet.", "price": "135.00", "category": "sustainable_fashion", "art_style": "wearable", "materials": "Recycled fabrics, natural fibers, eco-friendly thread", "dimensions": "Custom sizing", "image": "products/sustainable-clothing-collection-05.webp", "location": "San Francisco, California", "owner": 5, "created_at": "2026-02-03T10:00:00Z", "artist_statement": "This artwork demonstrates that beauty and sustainability can coexist, inspiring others to make eco-conscious choices.", "sustainability_rating": 4}}, {"model": "market.product", "pk": 31, "fields": {"title": "Eco Home Decor 06", "description": "Handcrafted handmade eco home decor 06 by Lisa Park made with natural materials and sustainable practices. Each piece brings eco-friendly elegance to your home.", "price": "249.00", "category": "home_decor", "art_style": "functional", "materials": "Reclaimed wood, natural finishes, sustainable hardware", "dimensions": "12\" x 8\" x 6\"", "image": "products/eco-home-decor-06.webp", "location": "Asheville, North Carolina", "owner": 7, "created_at": "2026-01-04T10:00:00Z", "artist_statement": "This piece explores the relationship between human creativity and environmental responsibility.", "sustainability_rating": 3}}, {"model": "market.product", "pk": 32, "fields": {"title": "Eco Home Decor 07", "description": "Handcrafted handmade eco home decor 07 by Lisa Park made with natural materials and sustainable practices. Each piece brings eco-friendly elegance to your home.", "price": "146.00", "category": "home_decor", "art_style": "sculptural", "materials": "Sustainable ceramics, natural glazes, organic materials", "dimensions": "Variable size", "image": "products/eco-home-decor-07.webp", "location": "Asheville, North Carolina", "owner": 7, "created_at": "2026-02-05T10:00:00Z", "artist_statement": "Created with environmental consciousness, this piece tells a story of renewal and responsible creativity.", "sustainability_rating": 3}}, {"model": "market.product", "pk": 33, "fields": {"title": "Eco Home Decor 08", "description": "Handcrafted handmade eco home decor 08 by Lisa Park made with natural materials and sustainable practices. Each piece brings eco-friendly elegance to your home.", "price": "276.00", "category": "home_decor", "art_style": "sculptural", "materials": "Sustainable ceramics, natural glazes, organic materials", "dimensions": "Variable size", "image": "products/eco-home-decor-08.webp", "location": "Asheville, North Carolina", "owner": 7, "created_at": "2026-01-06T10:00:00Z", "artist_statement": "This artwork demonstrates that beauty and sustainability can coexist, inspiring others to make eco-conscious choices.", "sustainability_rating": 3}}, {"model": "market.product", "pk": 34, "fields": {"title": "Eco Home Decor 09", "description": "Handcrafted handmade eco home decor 09 by Lisa Park made with natural materials and sustainable practices. Each piece brings eco-friendly elegance to your home.", "price": "53.00", "category": "home_decor", "art_style": "sculptural", "materials": "Natural clay, eco-friendly glazes, sustainable firing process", "dimensions": "Variable size", "image": "products/eco-home-decor-09.webp", "location": "Asheville, North Carolina", "owner": 7, "created_at": "2026-02-07T10:00:00Z", "artist_statement": "This artwork demonstrates that beauty and sustainability can coexist, inspiring others to make eco-conscious choices.", "sustainability_rating": 3}}, {"model": "market.product", "pk": 35, "fields": {"title": "Eco Home Decor 10", "description": "Handcrafted handmade eco home decor 10 by Lisa Park made with natural materials and sustainable practices. Each piece brings eco-friendly elegance to your home.", "price": "279.00", "category": "home_decor", "art_style": "functional", "materials": "Natural clay, eco-friendly glazes, sustainable firing process", "dimensions": "12\" x 8\" x 6\"", "image": "products/eco-home-decor-10.webp", "location": "Asheville, North Carolina", "owner": 7, "created_at": "2026-01-08T10:00:00Z", "artist_statement": "Celebrating the circular economy, this artwork gives new purpose to materials that would otherwise be discarded.", "sustainability_rating": 5}}, {"model": "market.product", "pk": 36, "fields": {"title": "Handmade Clay Towers Sculpture", "description": "Handcrafted handmade handmade clay towers sculpture by Lisa Park made with natural materials and sustainable practices. Each piece brings eco-friendly elegance to your home.", "price": "202.00", "category": "home_decor", "art_style": "sculptural", "materials": "Recycled materials, natural fibers, eco-friendly adhesives", "dimensions": "8\" x 6\" x 4\"", "image": "products/handmade-clay-towers-sculpture.webp", "location": "Asheville, North Carolina", "owner": 7, "created_at": "2026-02-09T10:00:00Z", "artist_statement": "Transforming waste into wonder, this creation challenges our perception of beauty and sustainability.", "sustainability_rating": 3}}, {"model": "market.product", "pk": 37, "fields": {"title": "Handmade Eco Product 11", "description": "Artisan-crafted artisan handmade eco product 11 by Marcus Johnson using traditional techniques and sustainable materials. A testament to both craftsmanship and environmental responsibility.", "price": "274.00", "category": "handmade_artisan", "art_style": "sculptural", "materials": "Salvaged timber, eco-friendly adhesives, natural oils", "dimensions": "Variable dimensions", "image": "products/handmade-eco-product-11.webp", "location": "Detroit, Michigan", "owner": 8, "created_at": "2026-01-10T10:00:00Z", "artist_statement": "This piece explores the relationship between human creativity and environmental responsibility.", "sustainability_rating": 4}}, {"model": "market.product", "pk": 38, "fields": {"title": "Handmade Eco Product 12", "description": "Artisan-crafted artisan handmade eco product 12 by Marcus Johnson using traditional techniques and sustainable materials. A testament to both craftsmanship and environmental responsibility.", "price": "366.00", "category": "handmade_artisan", "art_style": "functional", "materials": "Salvaged timber, eco-friendly adhesives, natural oils", "dimensions": "24\" x 24\"", "image": "products/handmade-eco-product-12.webp", "location": "Detroit, Michigan", "owner": 8, "created_at": "2026-02-11T10:00:00Z", "artist_statement": "Created with environmental consciousness, this piece tells a story of renewal and responsible creativity.", "sustainability_rating": 5}}, {"model": "market.product", "pk": 39, "fields": {"title": "Handmade Eco Product 13", "description": "Artisan-crafted artisan handmade eco product 13 by Marcus Johnson using traditional techniques and sustainable materials. A testament to both craftsmanship and environmental responsibility.", "price": "290.00", "category": "handmade_artisan", "art_style": "sculptural", "materials": "Upcycled lumber, traditional techniques, eco-friendly finishes", "dimensions": "24\" x 24\"", "image": "products/handmade-eco-product-13.webp", "location": "Detroit, Michigan", "owner": 8, "created_at": "2026-01-12T10:00:00Z", "artist_statement": "Created with environmental consciousness, this piece tells a story of renewal and responsible creativity.", "sustainability_rating": 5}}, {"model": "market.product", "pk": 40, "fields": {"title": "Handmade Eco Product 14", "description": "Artisan-crafted artisan handmade eco product 14 by Marcus Johnson using traditional techniques and sustainable materials. A testament to both craftsmanship and environmental responsibility.", "price": "354.00", "category": "handmade_artisan", "art_style": "functional", "materials": "Upcycled lumber, traditional techniques, eco-friendly finishes", "dimensions": "Variable dimensions", "image": "products/handmade-eco-product-14.webp", "location": "Detroit, Michigan", "owner": 8, "created_at": "2026-02-13T10:00:00Z", "artist_statement": "Created with environmental consciousness, this piece tells a story of renewal and responsible creativity.", "sustainability_rating": 4}}, {"model": "market.product", "pk": 41, "fields": {"title": "Handmade Eco Product 15", "description": "Artisan-crafted artisan handmade eco product 15 by Marcus Johnson using traditional techniques and sustainable materials. A testament to both craftsmanship and environmental responsibility.", "price": "126.00", "category": "handmade_artisan", "art_style": "functional", "materials": "Recycled wood, sustainable joinery, natural stains", "dimensions": "Variable dimensions", "image": "products/handmade-eco-product-15.webp", "location": "Detroit, Michigan", "owner": 8, "created_at": "2026-01-14T10:00:00Z", "artist_statement": "This piece represents the harmony between nature and human creativity, using materials that give back to the earth.", "sustainability_rating": 3}}, {"model": "market.product", "pk": 42, "fields": {"title": "Reclaimed Wood Jewelry", "description": "Artisan-crafted artisan reclaimed wood jewelry 1024x585 by Marcus Johnson using traditional techniques and sustainable materials. A testament to both craftsmanship and environmental responsibility.", "price": "394.00", "category": "handmade_artisan", "art_style": "functional", "materials": "Reclaimed wood, natural finishes, sustainable hardware", "dimensions": "Variable dimensions", "image": "products/reclaimed-wood-jewelry-1024x585.webp", "location": "Detroit, Michigan", "owner": 8, "created_at": "2026-02-15T10:00:00Z", "artist_statement": "This piece represents the harmony between nature and human creativity, using materials that give back to the earth.", "sustainability_rating": 3}}, {"model": "market.product", "pk": 43, "fields": {"title": "Sustainable 12 brands creating eco Friendly jewelry that’ll leave you dazzled", "description": "Beautiful sustainable 12+brands+creating+eco friendly+jewelry+that’ll+leave+you+dazzled crafted by Maria Rodriguez with sustainable materials and eco-conscious practices. Each piece is unique and tells a story of environmental responsibility.", "price": "134.00", "category": "eco_jewelry", "art_style": "wearable", "materials": "Sustainable bamboo, organic cotton, natural dyes", "dimensions": "18\" necklace length", "image": "products/12BrandsCreatingEco-FriendlyJewelryThatllLeaveYouDazzled.webp", "location": "Austin, Texas", "owner": 3, "created_at": "2026-01-16T10:00:00Z", "artist_statement": "This piece represents the harmony between nature and human creativity, using materials that give back to the earth.", "sustainability_rating": 4}}, {"model": "market.product", "pk": 44, "fields": {"title": "Eco Jewelry Set 4", "description": "Beautiful sustainable 12+eco friendly+jewelry+(3) crafted by Maria Rodriguez with sustainable materials and eco-conscious practices. Each piece is unique and tells a story of environmental responsibility.", "price": "67.00", "category": "eco_jewelry", "art_style": "wearable", "materials": "Sustainable bamboo, organic cotton, natural dyes", "dimensions": "18\" necklace length", "image": "products/12ECO-FRIENDLYJEWELRY.webp", "location": "Austin, Texas", "owner": 3, "created_at": "2026-02-17T10:00:00Z", "artist_statement": "This piece represents the harmony between nature and human creativity, using materials that give back to the earth.", "sustainability_rating": 5}}, {"model": "market.product", "pk": 45, "fields": {"title": "Eco Jewelry Set 3", "description": "Beautiful sustainable 12+eco friendly+jewelry+(4) crafted by Maria Rodriguez with sustainable materials and eco-conscious practices. Each piece is unique and tells a story of environmental responsibility.", "price": "59.00", "category": "eco_jewelry", "art_style": "wearable", "materials": "Recycled silver, sustainable bamboo, natural hemp cord", "dimensions": "18\" necklace length", "image": "products/reclaimed-wood-jewelry-1024x585_Uwv5CbB.webp", "location": "Austin, Texas", "owner": 3, "created_at": "2026-01-18T10:00:00Z", "artist_statement": "This piece represents the harmony between nature and human creativity, using materials that give back to the earth.", "sustainability_rating": 3}}, {"model": "market.product", "pk": 46, "fields": {"title": "Eco Jewelry Set 2", "description": "Beautiful sustainable 12+eco friendly+jewelry+(5) crafted by Maria Rodriguez with sustainable materials and eco-conscious practices. Each piece is unique and tells a story of environmental responsibility.", "price": "63.00", "category": "eco_jewelry", "art_style": "wearable", "materials": "Reclaimed wood, natural leather, brass hardware", "dimensions": "Adjustable ring size", "image": "products/CLED-Jewelry-14_adf90e29-5a0a-45ed-bbd7-3e871fb935da_XNHhmOE.webp", "location": "Austin, Texas", "owner": 3, "created_at": "2026-02-19T10:00:00Z", "artist_statement": "Giving new life to discarded materials, this artwork celebrates the beauty of sustainable practices.", "sustainability_rating": 5}}, {"model": "market.product", "pk": 47, "fields": {"title": "Eco Jewelry Set 1", "description": "Beautiful sustainable 12+eco friendly+jewelry crafted by Maria Rodriguez with sustainable materials and eco-conscious practices. Each piece is unique and tells a story of environmental responsibility.", "price": "72.00", "category": "eco_jewelry", "art_style": "wearable", "materials": "Recycled silver, sustainable bamboo, natural hemp cord", "dimensions": "18\" necklace length", "image": "products/eco-friendly-jewelry-1-1024x683-1_gDll97j.webp", "location": "Austin, Texas", "owner": 3, "created_at": "2026-01-20T10:00:00Z", "artist_statement": "This artwork demonstrates that beauty and sustainability can coexist, inspiring others to make eco-conscious choices.", "sustainability_rating": 3}}, {"model": "market.product", "pk": 48, "fields": {"title": "Eco Bracelet - Canyon Clear 2", "description": "Beautiful sustainable cled eco conscious sustainable jewelry bracelet wear canyon clear (1) crafted by Maria Rodriguez with sustainable materials and eco-conscious practices. Each piece is unique and tells a story of environmental responsibility.", "price": "48.00", "category": "eco_jewelry", "art_style": "wearable", "materials": "Reclaimed wood, natural leather, brass hardware", "dimensions": "18\" necklace length", "image": "products/CLED-eco-conscious-sustainable-jewelry-bracelet-wear-canyon-clear (1).webp", "location": "Austin, Texas", "owner": 3, "created_at": "2026-02-21T10:00:00Z", "artist_statement": "This piece represents the harmony between nature and human creativity, using materials that give back to the earth.", "sustainability_rating": 5}}, {"model": "market.product", "pk": 49, "fields": {"title": "Eco Bracelet - Canyon Clear", "description": "Beautiful sustainable cled eco conscious sustainable jewelry bracelet wear canyon clear crafted by Maria Rodriguez with sustainable materials and eco-conscious practices. Each piece is unique and tells a story of environmental responsibility.", "price": "42.00", "category": "eco_jewelry", "art_style": "wearable", "materials": "Recycled metals, natural stones, eco-friendly finishes", "dimensions": "Adjustable ring size", "image": "products/CLED-eco-conscious-sustainable-jewelry-bracelet-wear-canyon-clear.webp", "location": "Austin, Texas", "owner": 3, "created_at": "2026-01-22T10:00:00Z", "artist_statement": "Created with environmental consciousness, this piece tells a story of renewal and responsible creativity.", "sustainability_rating": 4}}, {"model": "market.product", "pk": 50, "fields": {"title": "Eco Jewelry Piece", "description": "Beautiful sustainable cled jewelry 14 adf90e29 5a0a 45ed bbd7 3e871fb935da crafted by Maria Rodriguez with sustainable materials and eco-conscious practices. Each piece is unique and tells a story of environmental responsibility.", "price": "132.00", "category": "eco_jewelry", "art_style": "wearable", "materials": "Recycled silver, sustainable bamboo, natural hemp cord", "dimensions": "18\" necklace length", "image": "products/CLED-Jewelry-14_adf90e29-5a0a-45ed-bbd7-3e871fb935da.webp", "location": "Austin, Texas", "owner": 3, "created_at": "2026-02-23T10:00:00Z", "artist_statement": "Created with environmental consciousness, this piece tells a story of renewal and responsible creativity.", "sustainability_rating": 3}}, {"model": "market.product", "pk": 51, "fields": {"title": "Recycled Metal Elephant Head Sculpture", "description": "Stunning recycled recycled metal elephant head sculpture created by Sarah Greenwood entirely from recycled materials. This piece transforms waste into wonder, showcasing the beauty of sustainable art.", "price": "265.00", "category": "recycled_sculptures", "art_style": "sculptural", "materials": "Recycled automotive parts, scrap metal, brass fittings", "dimensions": "24\" x 18\" x 12\"", "image": "products/recycled-metal-elephant-head-sculpture.webp", "location": "Portland, Oregon", "owner": 2, "created_at": "2026-01-24T10:00:00Z", "artist_statement": "Using traditional techniques with modern sustainable practices, this piece honors both craftsmanship and environmental responsibility.", "sustainability_rating": 5}}, {"model": "market.product", "pk": 52, "fields": {"title": "Recycled Metal Owl Sculpture", "description": "Stunning recycled recycled metal owl sculpture created by Sarah Greenwood entirely from recycled materials. This piece transforms waste into wonder, showcasing the beauty of sustainable art.", "price": "793.00", "category": "recycled_sculptures", "art_style": "sculptural", "materials": "Recycled automotive parts, scrap metal, brass fittings", "dimensions": "16\" x 12\" x 8\"", "image": "products/recycled-metal-owl-sculpture.webp", "location": "Portland, Oregon", "owner": 2, "created_at": "2026-02-25T10:00:00Z", "artist_statement": "This piece explores the relationship between human creativity and environmental responsibility.", "sustainability_rating": 4}}, {"model": "market.product", "pk": 53, "fields": {"title": "Metal Scorpion Sculpture", "description": "Stunning recycled recycled metal scorpion garden sculpture created by Sarah Greenwood entirely from recycled materials. This piece transforms waste into wonder, showcasing the beauty of sustainable art.", "price": "307.00", "category": "recycled_sculptures", "art_style": "sculptural", "materials": "Recycled automotive parts, scrap metal, brass fittings", "dimensions": "Variable installation size", "image": "products/recycled-metal-scorpion-garden-sculpture.webp", "location": "Portland, Oregon", "owner": 2, "created_at": "2026-01-26T10:00:00Z", "artist_statement": "Created with environmental consciousness, this piece tells a story of renewal and responsible creativity.", "sustainability_rating": 3}}, {"model": "market.product", "pk": 54, "fields": {"title": "Metal Sculpture 1", "description": "Stunning recycled recycled metal sculpture 01 created by Sarah Greenwood entirely from recycled materials. This piece transforms waste into wonder, showcasing the beauty of sustainable art.", "price": "327.00", "category": "recycled_sculptures", "art_style": "steampunk", "materials": "Recycled automotive parts, scrap metal, brass fittings", "dimensions": "16\" x 12\" x 8\"", "image": "products/recycled-metal-sculpture-01.webp", "location": "Portland, Oregon", "owner": 2, "created_at": "2026-02-27T10:00:00Z", "artist_statement": "This artwork demonstrates that beauty and sustainability can coexist, inspiring others to make eco-conscious choices.", "sustainability_rating": 5}}, {"model": "market.product", "pk": 55, "fields": {"title": "Metal Sculpture 2", "description": "Stunning recycled recycled metal sculpture 02 created by Sarah Greenwood entirely from recycled materials. This piece transforms waste into wonder, showcasing the beauty of sustainable art.", "price": "684.00", "category": "recycled_sculptures", "art_style": "sculptural", "materials": "Recycled spark plugs, scrap metal, industrial materials", "dimensions": "16\" x 12\" x 8\"", "image": "products/recycled-metal-sculpture-02.webp", "location": "Portland, Oregon", "owner": 2, "created_at": "2026-01-28T10:00:00Z", "artist_statement": "Celebrating the circular economy, this artwork gives new purpose to materials that would otherwise be discarded.", "sustainability_rating": 3}}, {"model": "market.product", "pk": 56, "fields": {"title": "Recycled Object Sculpture", "description": "Stunning recycled recycled objects sculpture brian mock created by Sarah Greenwood entirely from recycled materials. This piece transforms waste into wonder, showcasing the beauty of sustainable art.", "price": "505.00", "category": "recycled_sculptures", "art_style": "steampunk", "materials": "Found objects, recycled materials, sustainable adhesives", "dimensions": "24\" x 18\" x 12\"", "image": "products/recycled-objects-sculpture-brian-mock.webp", "location": "Portland, Oregon", "owner": 2, "created_at": "2026-02-01T10:00:00Z", "artist_statement": "Using traditional techniques with modern sustainable practices, this piece honors both craftsmanship and environmental responsibility.", "sustainability_rating": 4}}, {"model": "market.product", "pk": 57, "fields": {"title": "Spark Plug Sheep Sculpture", "description": "Stunning recycled recycled spark plug sheep sculpture created by Sarah Greenwood entirely from recycled materials. This piece transforms waste into wonder, showcasing the beauty of sustainable art.", "price": "584.00", "category": "recycled_sculptures", "art_style": "steampunk", "materials": "Recycled spark plugs, scrap metal, industrial materials", "dimensions": "Variable installation size", "image": "products/recycled-spark-plug-sheep-sculpture.webp", "location": "Portland, Oregon", "owner": 2, "created_at": "2026-01-02T10:00:00Z", "artist_statement": "Giving new life to discarded materials, this artwork celebrates the beauty of sustainable practices.", "sustainability_rating": 5}}, {"model": "market.product", "pk": 58, "fields": {"title": "Steampunk Fish Sculpture", "description": "Stunning recycled steampunk angler fish metal sculpture created by Sarah Greenwood entirely from recycled materials. This piece transforms waste into wonder, showcasing the beauty of sustainable art.", "price": "643.00", "category": "recycled_sculptures", "art_style": "steampunk", "materials": "Recycled spark plugs, scrap metal, industrial materials", "dimensions": "24\" x 18\" x 12\"", "image": "products/steampunk-angler-fish-metal-sculpture.webp", "location": "Portland, Oregon", "owner": 2, "created_at": "2026-02-03T10:00:00Z", "artist_statement": "Transforming waste into wonder, this creation challenges our perception of beauty and sustainability.", "sustainability_rating": 5}}, {"model": "market.product", "pk": 59, "fields": {"title": "Earth Day Eco Art Kit", "description": "Educational educational earth day eco art celebration by Sophie Williams designed to inspire and inform about sustainable art practices. Perfect for galleries and learning spaces.", "price": "466.00", "category": "showcase_educational", "art_style": "contemporary", "materials": "Educational displays, sustainable packaging, natural materials", "dimensions": "Variable installation size", "image": "products/earth-day-eco-art-celebration.webp", "location": "Portland, Oregon", "owner": 9, "created_at": "2026-01-04T10:00:00Z", "artist_statement": "Using traditional techniques with modern sustainable practices, this piece honors both craftsmanship and environmental responsibility.", "sustainability_rating": 5}}, {"model": "market.product", "pk": 60, "fields": {"title": "Eco Art Transport Guide", "description": "Educational educational eco friendly art transport guide by Sophie Williams designed to inspire and inform about sustainable art practices. Perfect for galleries and learning spaces.", "price": "754.00", "category": "showcase_educational", "art_style": "mixed_media", "materials": "Showcase materials, sustainable practices, educational content", "dimensions": "Variable installation size", "image": "products/eco-friendly-art-transport-guide.webp", "location": "Portland, Oregon", "owner": 9, "created_at": "2026-02-05T10:00:00Z", "artist_statement": "This piece explores the relationship between human creativity and environmental responsibility.", "sustainability_rating": 4}}, {"model": "market.product", "pk": 61, "fields": {"title": "Sustainable Art Guide", "description": "Educational educational sustainable art information guide by Sophie Williams designed to inspire and inform about sustainable art practices. Perfect for galleries and learning spaces.", "price": "801.00", "category": "showcase_educational", "art_style": "mixed_media", "materials": "Recycled materials, natural fibers, sustainable adhesives", "dimensions": "Variable installation size", "image": "products/sustainable-art-information-guide.webp", "location": "Portland, Oregon", "owner": 9, "created_at": "2026-01-06T10:00:00Z", "artist_statement": "This piece explores the relationship between human creativity and environmental responsibility.", "sustainability_rating": 4}}, {"model": "market.product", "pk": 62, "fields": {"title": "Sustainable Art Showcase 1", "description": "Educational educational sustainable art showcase 01 by Sophie Williams designed to inspire and inform about sustainable art practices. Perfect for galleries and learning spaces.", "price": "776.00", "category": "showcase_educational", "art_style": "mixed_media", "materials": "Mixed media, educational components, sustainable materials", "dimensions": "Variable installation size", "image": "products/sustainable-art-showcase-01.webp", "location": "Portland, Oregon", "owner": 9, "created_at": "2026-02-07T10:00:00Z", "artist_statement": "Using traditional techniques with modern sustainable practices, this piece honors both craftsmanship and environmental responsibility.", "sustainability_rating": 4}}, {"model": "market.product", "pk": 63, "fields": {"title": "Sustainable Art Showcase 2", "description": "Educational educational sustainable art showcase 02 by Sophie Williams designed to inspire and inform about sustainable art practices. Perfect for galleries and learning spaces.", "price": "633.00", "category": "showcase_educational", "art_style": "contemporary", "materials": "Recycled materials, natural fibers, sustainable adhesives", "dimensions": "Custom dimensions", "image": "products/sustainable-art-showcase-02.webp", "location": "Portland, Oregon", "owner": 9, "created_at": "2026-01-08T10:00:00Z", "artist_statement": "This piece explores the relationship between human creativity and environmental responsibility.", "sustainability_rating": 4}}, {"model": "market.product", "pk": 64, "fields": {"title": "Sustainable Art Showcase 3", "description": "Educational educational sustainable art showcase 03 by Sophie Williams designed to inspire and inform about sustainable art practices. Perfect for galleries and learning spaces.", "price": "593.00", "category": "showcase_educational", "art_style": "mixed_media", "materials": "Recycled materials, natural fibers, sustainable adhesives", "dimensions": "Custom dimensions", "image": "products/sustainable-art-showcase-03.webp", "location": "Portland, Oregon", "owner": 9, "created_at": "2026-02-09T10:00:00Z", "artist_statement": "This artwork demonstrates that beauty and sustainability can coexist, inspiring others to make eco-conscious choices.", "sustainability_rating": 4}}, {"model": "market.product", "pk": 65, "fields": {"title": "Sustainable Art Showcase 4", "description": "Educational educational sustainable art showcase 04 by Sophie Williams designed to inspire and inform about sustainable art practices. Perfect for galleries and learning spaces.", "price": "928.00", "category": "showcase_educational", "art_style": "contemporary", "materials": "Mixed media, educational components, sustainable materials", "dimensions": "Custom dimensions", "image": "products/sustainable-art-showcase-04.webp", "location": "Portland, Oregon", "owner": 9, "created_at": "2026-01-10T10:00:00Z", "artist_statement": "Celebrating the circular economy, this artwork gives new purpose to materials that would otherwise be discarded.", "sustainability_rating": 3}}, {"model": "market.product", "pk": 66, "fields": {"title": "Home Decor", "description": "The art is of Home Decor and Sculptures", "price": "344564.00", "category": "home_decor", "art_style": "realistic", "materials": "", "dimensions": null, "image": "products/eco-art-display-mockup.webp", "location": "dfbsdfbsdf", "owner": 13, "created_at": "2026-02-11T10:00:00Z", "artist_statement": "The art is of Home Decor and Sculptures", "sustainability_rating": 3}}, {"model": "market.product", "pk": 67, "fields": {"title": "Eco Jewelry", "description": "This is the Eco Jewelry art", "price": "569094.00", "category": "eco_jewelry", "art_style": "wearable", "materials": "Used Eco friendly and environmental friendly materials", "dimensions": "456", "image": "products/5818651.jpg", "location": "Windsor, ON, CAN", "owner": 14, "created_at": "2026-01-12T10:00:00Z", "artist_statement": "Used Eco friendly and environmental friendly materials for this Eco Jewelry artwork", "sustainability_rating": 3}}, {"model": "market.product", "pk": 68, "fields": {"title": "eco friendly jewelry-", "description": "This is the eco friendly jewelry that is environment friendly as well", "price": "330.00", "category": "eco_jewelry", "art_style": "traditional", "materials": "natural dyes and reclaimed wood", "dimensions": null, "image": "products/3e0a4102.jpeg", "location": "Windsor ON", "owner": 17, "created_at": "2026-03-31T02:20:24.504Z", "artist_statement": "I want to sell my eco friendly jewelry that is environment friendly as well", "sustainability_rating": 3}}, {"model": "market.wishlist", "pk": 1, "fields": {"user": 2, "product": 26, "added_at": "2026-01-02T10:00:00Z"}}, {"model": "market.wishlist", "pk": 2, "fields": {"user": 2, "product": 23, "added_at": "2026-02-03T10:00:00Z"}}, {"model": "market.wishlist", "pk": 3, "fields": {"user": 2, "product": 21, "added_at": "2026-01-04T10:00:00Z"}}, {"model": "market.wishlist", "pk": 4, "fields": {"user": 2, "product": 63, "added_at": "2026-02-05T10:00:00Z"}}, {"model": "market.wishlist", "pk": 5, "fields": {"user": 3, "product": 16, "added_at": "2026-01-06T10:00:00Z"}}, {"model": "market.wishlist", "pk": 6, "fields": {"user": 3, "product": 9, "added_at": "2026-02-07T10:00:00Z"}}, {"model": "market.wishlist", "pk": 7, "fields": {"user": 3, "product": 23, "added_at": "2026-01-08T10:00:00Z"}}, {"model": "market.wishlist", "pk": 8, "fields": {"user": 3, "product": 61, "added_at": "2026-02-09T10:00:00Z"}}, {"model": "market.wishlist", "pk": 9, "fields": {"user": 3, "product": 11, "added_at": "2026-01-10T10:00:00Z"}}, {"model": "market.wishlist", "pk": 10, "fields": {"user": 4, "product": 43, "added_at": "2026-02-11T10:00:00Z"}}, {"model": "market.wishlist", "pk": 11, "fields": {"user": 4, "product": 29, "added_at": "2026-01-12T10:00:00Z"}}, {"model": "market.wishlist", "pk": 12, "fields": {"user": 4, "product": 38, "added_at": "2026-02-13T10:00:00Z"}}, {"model": "market.wishlist", "pk": 13, "fields": {"user": 4, "product": 2, "added_at": "2026-01-14T10:00:00Z"}}, {"model": "market.wishlist", "pk": 14, "fields": {"user": 5, "product": 48, "added_at": "2026-02-15T10:00:00Z"}}, {"model": "market.wishlist", "pk": 15, "fields": {"user": 5, "product": 42, "added_at": "2026-01-16T10:00:00Z"}}, {"model": "market.wishlist", "pk": 16, "fields": {"user": 5, "product": 33, "added_at": "2026-02-17T10:00:00Z"}}, {"model": "market.wishlist", "pk": 17, "fields": {"user": 5, "product": 37, "added_at": "2026-01-18T10:00:00Z"}}, {"model": "market.wishlist", "pk": 18, "fields": {"user": 6, "product": 50, "added_at": "2026-02-19T10:00:00Z"}}, {"model": "market.wishlist", "pk": 19, "fields": {"user": 6, "product": 7, "added_at": "2026-01-20T10:00:00Z"}}, {"model": "market.wishlist", "pk": 20, "fields": {"user": 6, "product": 8, "added_at": "2026-02-21T10:00:00Z"}}, {"model": "market.wishlist", "pk": 21, "fields": {"user": 6, "product": 65, "added_at": "2026-01-22T10:00:00Z"}}, {"model": "market.wishlist", "pk": 22, "fields": {"user": 6, "product": 54, "added_at": "2026-02-23T10:00:00Z"}}, {"model": "market.wishlist", "pk": 23, "fields": {"user": 7, "product": 44, "added_at": "2026-01-24T10:00:00Z"}}, {"model": "market.wishlist", "pk": 24, "fields": {"user": 7, "product": 26, "added_at": "2026-02-25T10:00:00Z"}}, {"model": "market.wishlist", "pk": 25, "fields": {"user": 8, "product": 15, "added_at": "2026-01-26T10:00:00Z"}}, {"model": "market.wishlist", "pk": 26, "fields": {"user": 8, "product": 9, "added_at": "2026-02-27T10:00:00Z"}}, {"model": "market.wishlist", "pk": 27, "fields": {"user": 8, "product": 33, "added_at": "2026-01-28T10:00:00Z"}}, {"model": "market.wishlist", "pk": 28, "fields": {"user": 9, "product": 31, "added_at": "2026-02-01T10:00:00Z"}}, {"model": "market.wishlist", "pk": 29, "fields": {"user": 9, "product": 25, "added_at": "2026-01-02T10:00:00Z"}}, {"model": "market.wishlist", "pk": 30, "fields": {"user": 9, "product": 43, "added_at": "2026-02-03T10:00:00Z"}}, {"model": "market.wishlist", "pk": 31, "fields": {"user": 9, "product": 18, "added_at": "2026-01-04T10:00:00Z"}}, {"model": "market.wishlist", "pk": 32, "fields": {"user": 10, "product": 57, "added_at": "2026-02-05T10:00:00Z"}}, {"model": "market.wishlist", "pk": 33, "fields": {"user": 10, "product": 46, "added_at": "2026-01-06T10:00:00Z"}}, {"model": "market.wishlist", "pk": 34, "fields": {"user": 10, "product": 55, "added_at": "2026-02-07T10:00:00Z"}}, {"model": "market.wishlist", "pk": 35, "fields": {"user": 11, "product": 30, "added_at": "2026-01-08T10:00:00Z"}}, {"model": "market.wishlist", "pk": 36, "fields": {"user": 11, "product": 31, "added_at": "2026-02-09T10:00:00Z"}}, {"model": "market.wishlist", "pk": 37, "fields": {"user": 11, "product": 43, "added_at": "2026-01-10T10:00:00Z"}}, {"model": "market.wishlist", "pk": 38, "fields": {"user": 11, "product": 37, "added_at": "2026-02-11T10:00:00Z"}}, {"model": "market.wishlist", "pk": 40, "fields": {"user": 13, "product": 65, "added_at": "2026-01-12T10:00:00Z"}}, {"model": "market.wishlist", "pk": 41, "fields": {"user": 13, "product": 64, "added_at": "2026-02-13T10:00:00Z"}}, {"model": "market.wishlist", "pk": 42, "fields": {"user": 14, "product": 67, "added_at": "2026-01-14T10:00:00Z"}}, {"model": "market.wishlist", "pk": 43, "fields": {"user": 12, "product": 64, "added_at": "2026-02-15T10:00:00Z"}}, {"model": "market.wishlist", "pk": 44, "fields": {"user": 12, "product": 63, "added_at": "2026-01-16T10:00:00Z"}}, {"model": "market.wishlist", "pk": 47, "fields": {"user": 17, "product": 22, "added_at": "2026-03-30T14:35:48.399Z"}}, {"model": "market.notification", "pk": 1, "fields": {"user": 1, "notification_type": "order_status_changed", "title": "Order Status Updated", "message": "Your order #XYZ67890 has been shipped and is on its way!", "related_product": null, "related_user": null, "related_order": null, "is_read": true, "created_at": "2025-07-19T23:11:51.407Z"}}, {"model": "market.notification", "pk": 2, "fields": {"user": 1, "notification_type": "order_status_changed", "title": "Order Status Updated", "message": "Your order #XYZ67890 has been shipped and is on its way!", "related_product": 13, "related_user": 13, "related_order": null, "is_read": true, "created_at": "2025-07-19T23:11:51.413Z"}}, {"model": "market.notification", "pk": 3, "fields": {"user": 1, "notification_type": "review_received", "title": "New Review Received!", "message": "Sarah left a 5-star review for your artwork \"Recycled Metal Sculpture\"", "related_product": 17, "related_user": null, "related_order": null, "is_read": true, "created_at": "2025-07-19T23:11:51.418Z"}}, {"model": "market.notification", "pk": 4, "fields": {"user": 2, "notification_type": "order_status_changed", "title": "Order Status Updated", "message": "Your order #XYZ67890 has been shipped and is on its way!", "related_product": 15, "related_user": 9, "related_order": null, "is_read": true, "created_at": "2025-07-19T23:11:51.423Z"}}, {"model": "market.notification", "pk": 5, "fields": {"user": 2, "notification_type": "order_placed", "title": "New Order for Your Artwork!", "message": "John purchased \"Eco Jewelry Necklace\" in order #ABC12345", "related_product": 19, "related_user": 1, "related_order": null, "is_read": true, "created_at": "2025-07-19T23:11:51.426Z"}}, {"model": "market.notification", "pk": 6, "fields": {"user": 2, "notification_type": "review_received", "title": "New Review Received!", "message": "Sarah left a 5-star review for your artwork \"Recycled Metal Sculpture\"", "related_product": null, "related_user": 2, "related_order": null, "is_read": true, "created_at": "2025-07-19T23:11:51.430Z"}}, {"model": "market.notification", "pk": 7, "fields": {"user": 2, "notification_type": "welcome", "title": "Welcome to EcoArt Market!", "message": "Thank you for joining our community of eco-conscious artists and art lovers. Start exploring sustainable artwork today!", "related_product": null, "related_user": 8, "related_order": null, "is_read": true, "created_at": "2025-07-19T23:11:51.434Z"}}, {"model": "market.notification", "pk": 8, "fields": {"user": 2, "notification_type": "system", "title": "Product Uploaded Successfully!", "message": "Your artwork \"Handmade Ceramic Vase\" has been uploaded and is now live on the marketplace.", "related_product": 1, "related_user": 9, "related_order": null, "is_read": true, "created_at": "2025-07-19T23:11:51.438Z"}}, {"model": "market.notification", "pk": 9, "fields": {"user": 3, "notification_type": "new_follower", "title": "New Follower", "message": "Michael started following your artist profile", "related_product": 35, "related_user": 3, "related_order": null, "is_read": true, "created_at": "2025-07-19T23:11:51.442Z"}}, {"model": "market.notification", "pk": 10, "fields": {"user": 3, "notification_type": "system", "title": "Product Uploaded Successfully!", "message": "Your artwork \"Handmade Ceramic Vase\" has been uploaded and is now live on the marketplace.", "related_product": null, "related_user": null, "related_order": null, "is_read": false, "created_at": "2025-07-19T23:11:51.445Z"}}, {"model": "market.notification", "pk": 11, "fields": {"user": 3, "notification_type": "order_status_changed", "title": "Order Status Updated", "message": "Your order #XYZ67890 has been shipped and is on its way!", "related_product": null, "related_user": null, "related_order": null, "is_read": true, "created_at": "2025-07-19T23:11:51.449Z"}}, {"model": "market.notification", "pk": 12, "fields": {"user": 4, "notification_type": "welcome", "title": "Welcome to EcoArt Market!", "message": "Thank you for joining our community of eco-conscious artists and art lovers. Start exploring sustainable artwork today!", "related_product": null, "related_user": 7, "related_order": null, "is_read": true, "created_at": "2025-07-19T23:11:51.453Z"}}, {"model": "market.notification", "pk": 13, "fields": {"user": 4, "notification_type": "system", "title": "Product Uploaded Successfully!", "message": "Your artwork \"Handmade Ceramic Vase\" has been uploaded and is now live on the marketplace.", "related_product": 24, "related_user": null, "related_order": null, "is_read": true, "created_at": "2025-07-19T23:11:51.458Z"}}, {"model": "market.notification", "pk": 14, "fields": {"user": 4, "notification_type": "welcome", "title": "Welcome to EcoArt Market!", "message": "Thank you for joining our community of eco-conscious artists and art lovers. Start exploring sustainable artwork today!", "related_product": 16, "related_user": null, "related_order": null, "is_read": true, "created_at": "2025-07-19T23:11:51.461Z"}}, {"model": "market.notification", "pk": 15, "fields": {"user": 4, "notification_type": "review_received", "title": "New Review Received!", "message": "Sarah left a 5-star review for your artwork \"Recycled Metal Sculpture\"", "related_product": null, "related_user": 2, "related_order": null, "is_read": false, "created_at": "2025-07-19T23:11:51.465Z"}}, {"model": "market.notification", "pk": 16, "fields": {"user": 4, "notification_type": "review_received", "title": "New Review Received!", "message": "Sarah left a 5-star review for your artwork \"Recycled Metal Sculpture\"", "related_product": 58, "related_user": 5, "related_order": null, "is_read": false, "created_at": "2025-07-19T23:11:51.469Z"}}, {"model": "market.notification", "pk": 17, "fields": {"user": 4, "notification_type": "system", "title": "Product Uploaded Successfully!", "message": "Your artwork \"Handmade Ceramic Vase\" has been uploaded and is now live on the marketplace.", "related_product": 14, "related_user": null, "related_order": null, "is_read": false, "created_at": "2025-07-19T23:11:51.474Z"}}, {"model": "market.notification", "pk": 18, "fields": {"user": 5, "notification_type": "system", "title": "Product Uploaded Successfully!", "message": "Your artwork \"Handmade Ceramic Vase\" has been uploaded and is now live on the marketplace.", "related_product": null, "related_user": 5, "related_order": null, "is_read": true, "created_at": "2025-07-19T23:11:51.477Z"}}, {"model": "market.notification", "pk": 19, "fields": {"user": 5, "notification_type": "product_liked", "title": "Product Liked", "message": "Emma liked your artwork \"Natural Dye Scarf\"", "related_product": null, "related_user": null, "related_order": null, "is_read": true, "created_at": "2025-07-19T23:11:51.480Z"}}, {"model": "market.notification", "pk": 20, "fields": {"user": 5, "notification_type": "system", "title": "Product Uploaded Successfully!", "message": "Your artwork \"Handmade Ceramic Vase\" has been uploaded and is now live on the marketplace.", "related_product": 64, "related_user": 9, "related_order": null, "is_read": false, "created_at": "2025-07-19T23:11:51.484Z"}}, {"model": "market.notification", "pk": 21, "fields": {"user": 5, "notification_type": "order_status_changed", "title": "Order Status Updated", "message": "Your order #XYZ67890 has been shipped and is on its way!", "related_product": null, "related_user": 4, "related_order": null, "is_read": true, "created_at": "2025-07-19T23:11:51.491Z"}}, {"model": "market.notification", "pk": 22, "fields": {"user": 5, "notification_type": "new_follower", "title": "New Follower", "message": "Michael started following your artist profile", "related_product": 47, "related_user": 9, "related_order": null, "is_read": true, "created_at": "2025-07-19T23:11:51.495Z"}}, {"model": "market.notification", "pk": 23, "fields": {"user": 5, "notification_type": "system", "title": "Product Uploaded Successfully!", "message": "Your artwork \"Handmade Ceramic Vase\" has been uploaded and is now live on the marketplace.", "related_product": null, "related_user": 12, "related_order": null, "is_read": true, "created_at": "2025-07-19T23:11:51.499Z"}}, {"model": "market.notification", "pk": 24, "fields": {"user": 6, "notification_type": "review_received", "title": "New Review Received!", "message": "Sarah left a 5-star review for your artwork \"Recycled Metal Sculpture\"", "related_product": null, "related_user": 9, "related_order": null, "is_read": true, "created_at": "2025-07-19T23:11:51.503Z"}}, {"model": "market.notification", "pk": 25, "fields": {"user": 6, "notification_type": "product_liked", "title": "Product Liked", "message": "Emma liked your artwork \"Natural Dye Scarf\"", "related_product": 18, "related_user": null, "related_order": null, "is_read": false, "created_at": "2025-07-19T23:11:51.506Z"}}, {"model": "market.notification", "pk": 26, "fields": {"user": 6, "notification_type": "product_added_to_cart", "title": "Added to Cart", "message": "\"Sustainable Wall Art\" has been added to your cart", "related_product": 60, "related_user": null, "related_order": null, "is_read": false, "created_at": "2025-07-19T23:11:51.509Z"}}, {"model": "market.notification", "pk": 27, "fields": {"user": 6, "notification_type": "welcome", "title": "Welcome to EcoArt Market!", "message": "Thank you for joining our community of eco-conscious artists and art lovers. Start exploring sustainable artwork today!", "related_product": null, "related_user": null, "related_order": null, "is_read": true, "created_at": "2025-07-19T23:11:51.514Z"}}, {"model": "market.notification", "pk": 28, "fields": {"user": 6, "notification_type": "new_follower", "title": "New Follower", "message": "Michael started following your artist profile", "related_product": null, "related_user": null, "related_order": null, "is_read": false, "created_at": "2025-07-19T23:11:51.518Z"}}, {"model": "market.notification", "pk": 29, "fields": {"user": 7, "notification_type": "review_received", "title": "New Review Received!", "message": "Sarah left a 5-star review for your artwork \"Recycled Metal Sculpture\"", "related_product": 17, "related_user": 10, "related_order": null, "is_read": true, "created_at": "2025-07-19T23:11:51.522Z"}}, {"model": "market.notification", "pk": 30, "fields": {"user": 7, "notification_type": "review_received", "title": "New Review Received!", "message": "Sarah left a 5-star review for your artwork \"Recycled Metal Sculpture\"", "related_product": 16, "related_user": 13, "related_order": null, "is_read": false, "created_at": "2025-07-19T23:11:51.525Z"}}, {"model": "market.notification", "pk": 31, "fields": {"user": 7, "notification_type": "system", "title": "Product Uploaded Successfully!", "message": "Your artwork \"Handmade Ceramic Vase\" has been uploaded and is now live on the marketplace.", "related_product": null, "related_user": null, "related_order": null, "is_read": false, "created_at": "2025-07-19T23:11:51.528Z"}}, {"model": "market.notification", "pk": 32, "fields": {"user": 7, "notification_type": "review_received", "title": "New Review Received!", "message": "Sarah left a 5-star review for your artwork \"Recycled Metal Sculpture\"", "related_product": null, "related_user": null, "related_order": null, "is_read": false, "created_at": "2025-07-19T23:11:51.532Z"}}, {"model": "market.notification", "pk": 33, "fields": {"user": 7, "notification_type": "product_liked", "title": "Product Liked", "message": "Emma liked your artwork \"Natural Dye Scarf\"", "related_product": 51, "related_user": null, "related_order": null, "is_read": false, "created_at": "2025-07-19T23:11:51.537Z"}}, {"model": "market.notification", "pk": 34, "fields": {"user": 7, "notification_type": "new_follower", "title": "New Follower", "message": "Michael started following your artist profile", "related_product": 21, "related_user": 4, "related_order": null, "is_read": true, "created_at": "2025-07-19T23:11:51.541Z"}}, {"model": "market.notification", "pk": 35, "fields": {"user": 7, "notification_type": "new_follower", "title": "New Follower", "message": "Michael started following your artist profile", "related_product": 19, "related_user": null, "related_order": null, "is_read": false, "created_at": "2025-07-19T23:11:51.544Z"}}, {"model": "market.notification", "pk": 36, "fields": {"user": 8, "notification_type": "order_placed", "title": "New Order for Your Artwork!", "message": "John purchased \"Eco Jewelry Necklace\" in order #ABC12345", "related_product": null, "related_user": null, "related_order": null, "is_read": false, "created_at": "2025-07-19T23:11:51.549Z"}}, {"model": "market.notification", "pk": 37, "fields": {"user": 8, "notification_type": "order_placed", "title": "New Order for Your Artwork!", "message": "John purchased \"Eco Jewelry Necklace\" in order #ABC12345", "related_product": null, "related_user": 6, "related_order": null, "is_read": true, "created_at": "2025-07-19T23:11:51.553Z"}}, {"model": "market.notification", "pk": 38, "fields": {"user": 8, "notification_type": "new_follower", "title": "New Follower", "message": "Michael started following your artist profile", "related_product": null, "related_user": 10, "related_order": null, "is_read": false, "created_at": "2025-07-19T23:11:51.556Z"}}, {"model": "market.notification", "pk": 39, "fields": {"user": 8, "notification_type": "product_liked", "title": "Product Liked", "message": "Emma liked your artwork \"Natural Dye Scarf\"", "related_product": 52, "related_user": 1, "related_order": null, "is_read": true, "created_at": "2025-07-19T23:11:51.560Z"}}, {"model": "market.notification", "pk": 40, "fields": {"user": 8, "notification_type": "product_added_to_cart", "title": "Added to Cart", "message": "\"Sustainable Wall Art\" has been added to your cart", "related_product": null, "related_user": null, "related_order": null, "is_read": false, "created_at": "2025-07-19T23:11:51.564Z"}}, {"model": "market.notification", "pk": 41, "fields": {"user": 8, "notification_type": "product_added_to_cart", "title": "Added to Cart", "message": "\"Sustainable Wall Art\" has been added to your cart", "related_product": null, "related_user": 11, "related_order": null, "is_read": true, "created_at": "2025-07-19T23:11:51.569Z"}}, {"model": "market.notification", "pk": 42, "fields": {"user": 9, "notification_type": "welcome", "title": "Welcome to EcoArt Market!", "message": "Thank you for joining our community of eco-conscious artists and art lovers. Start exploring sustainable artwork today!", "related_product": null, "related_user": 2, "related_order": null, "is_read": true, "created_at": "2025-07-19T23:11:51.574Z"}}, {"model": "market.notification", "pk": 43, "fields": {"user": 9, "notification_type": "welcome", "title": "Welcome to EcoArt Market!", "message": "Thank you for joining our community of eco-conscious artists and art lovers. Start exploring sustainable artwork today!", "related_product": 29, "related_user": null, "related_order": null, "is_read": true, "created_at": "2025-07-19T23:11:51.576Z"}}, {"model": "market.notification", "pk": 44, "fields": {"user": 9, "notification_type": "order_placed", "title": "New Order for Your Artwork!", "message": "John purchased \"Eco Jewelry Necklace\" in order #ABC12345", "related_product": null, "related_user": 7, "related_order": null, "is_read": false, "created_at": "2025-07-19T23:11:51.581Z"}}, {"model": "market.notification", "pk": 45, "fields": {"user": 9, "notification_type": "order_placed", "title": "New Order for Your Artwork!", "message": "John purchased \"Eco Jewelry Necklace\" in order #ABC12345", "related_product": null, "related_user": null, "related_order": null, "is_read": true, "created_at": "2025-07-19T23:11:51.586Z"}}, {"model": "market.notification", "pk": 46, "fields": {"user": 9, "notification_type": "system", "title": "Product Uploaded Successfully!", "message": "Your artwork \"Handmade Ceramic Vase\" has been uploaded and is now live on the marketplace.", "related_product": null, "related_user": null, "related_order": null, "is_read": false, "created_at": "2025-07-19T23:11:51.591Z"}}, {"model": "market.notification", "pk": 47, "fields": {"user": 9, "notification_type": "product_liked", "title": "Product Liked", "message": "Emma liked your artwork \"Natural Dye Scarf\"", "related_product": 16, "related_user": 9, "related_order": null, "is_read": true, "created_at": "2025-07-19T23:11:51.594Z"}}, {"model": "market.notification", "pk": 48, "fields": {"user": 10, "notification_type": "system", "title": "Product Uploaded Successfully!", "message": "Your artwork \"Handmade Ceramic Vase\" has been uploaded and is now live on the marketplace.", "related_product": 39, "related_user": 12, "related_order": null, "is_read": true, "created_at": "2025-07-19T23:11:51.598Z"}}, {"model": "market.notification", "pk": 49, "fields": {"user": 10, "notification_type": "system", "title": "Product Uploaded Successfully!", "message": "Your artwork \"Handmade Ceramic Vase\" has been uploaded and is now live on the marketplace.", "related_product": 47, "related_user": 13, "related_order": null, "is_read": true, "created_at": "2025-07-19T23:11:51.602Z"}}, {"model": "market.notification", "pk": 50, "fields": {"user": 10, "notification_type": "order_placed", "title": "New Order for Your Artwork!", "message": "John purchased \"Eco Jewelry Necklace\" in order #ABC12345", "related_product": 48, "related_user": 11, "related_order": null, "is_read": true, "created_at": "2025-07-19T23:11:51.608Z"}}, {"model": "market.notification", "pk": 51, "fields": {"user": 11, "notification_type": "product_added_to_cart", "title": "Added to Cart", "message": "\"Sustainable Wall Art\" has been added to your cart", "related_product": 6, "related_user": 13, "related_order": null, "is_read": false, "created_at": "2025-07-19T23:11:51.613Z"}}, {"model": "market.notification", "pk": 52, "fields": {"user": 11, "notification_type": "welcome", "title": "Welcome to EcoArt Market!", "message": "Thank you for joining our community of eco-conscious artists and art lovers. Start exploring sustainable artwork today!", "related_product": 62, "related_user": null, "related_order": null, "is_read": true, "created_at": "2025-07-19T23:11:51.626Z"}}, {"model": "market.notification", "pk": 53, "fields": {"user": 11, "notification_type": "system", "title": "Product Uploaded Successfully!", "message": "Your artwork \"Handmade Ceramic Vase\" has been uploaded and is now live on the marketplace.", "related_product": 17, "related_user": null, "related_order": null, "is_read": true, "created_at": "2025-07-19T23:11:51.629Z"}}, {"model": "market.notification", "pk": 54, "fields": {"user": 11, "notification_type": "review_received", "title": "New Review Received!", "message": "Sarah left a 5-star review for your artwork \"Recycled Metal Sculpture\"", "related_product": null, "related_user": 8, "related_order": null, "is_read": true, "created_at": "2025-07-19T23:11:51.633Z"}}, {"model": "market.notification", "pk": 55, "fields": {"user": 11, "notification_type": "product_added_to_cart", "title": "Added to Cart", "message": "\"Sustainable Wall Art\" has been added to your cart", "related_product": null, "related_user": 3, "related_order": null, "is_read": false, "created_at": "2025-07-19T23:11:51.640Z"}}, {"model": "market.notification", "pk": 56, "fields": {"user": 11, "notification_type": "new_follower", "title": "New Follower", "message": "Michael started following your artist profile", "related_product": 57, "related_user": null, "related_order": null, "is_read": true, "created_at": "2025-07-19T23:11:51.644Z"}}, {"model": "market.notification", "pk": 57, "fields": {"user": 11, "notification_type": "new_follower", "title": "New Follower", "message": "Michael started following your artist profile", "related_product": null, "related_user": 8, "related_order": null, "is_read": false, "created_at": "2025-07-19T23:11:51.647Z"}}, {"model": "market.notification", "pk": 58, "fields": {"user": 11, "notification_type": "welcome", "title": "Welcome to EcoArt Market!", "message": "Thank you for joining our community of eco-conscious artists and art lovers. Start exploring sustainable artwork today!", "related_product": null, "related_user": 13, "related_order": null, "is_read": true, "created_at": "2025-07-19T23:11:51.653Z"}}, {"model": "market.notification", "pk": 59, "fields": {"user": 12, "notification_type": "product_added_to_cart", "title": "Added to Cart", "message": "\"Sustainable Wall Art\" has been added to your cart", "related_product": null, "related_user": null, "related_order": null, "is_read": false, "created_at": "2025-07-19T23:11:51.658Z"}}, {"model": "market.notification", "pk": 60, "fields": {"user": 12, "notification_type": "review_received", "title": "New Review Received!", "message": "Sarah left a 5-star review for your artwork \"Recycled Metal Sculpture\"", "related_product": null, "related_user": 4, "related_order": null, "is_read": true, "created_at": "2025-07-19T23:11:51.661Z"}}, {"model": "market.notification", "pk": 61, "fields": {"user": 12, "notification_type": "welcome", "title": "Welcome to EcoArt Market!", "message": "Thank you for joining our community of eco-conscious artists and art lovers. Start exploring sustainable artwork today!", "related_product": null, "related_user": 5, "related_order": null, "is_read": false, "created_at": "2025-07-19T23:11:51.664Z"}}, {"model": "market.notification", "pk": 62, "fields": {"user": 13, "notification_type": "system", "title": "Product Uploaded Successfully!", "message": "Your artwork \"Handmade Ceramic Vase\" has been uploaded and is now live on the marketplace.", "related_product": null, "related_user": 13, "related_order": null, "is_read": false, "created_at": "2025-07-19T23:11:51.670Z"}}, {"model": "market.notification", "pk": 63, "fields": {"user": 13, "notification_type": "product_liked", "title": "Product Liked", "message": "Emma liked your artwork \"Natural Dye Scarf\"", "related_product": null, "related_user": null, "related_order": null, "is_read": true, "created_at": "2025-07-19T23:11:51.675Z"}}, {"model": "market.notification", "pk": 64, "fields": {"user": 13, "notification_type": "review_received", "title": "New Review Received!", "message": "Sarah left a 5-star review for your artwork \"Recycled Metal Sculpture\"", "related_product": 41, "related_user": 5, "related_order": null, "is_read": false, "created_at": "2025-07-19T23:11:51.679Z"}}, {"model": "market.notification", "pk": 65, "fields": {"user": 13, "notification_type": "new_follower", "title": "New Follower", "message": "Michael started following your artist profile", "related_product": 14, "related_user": null, "related_order": null, "is_read": true, "created_at": "2025-07-19T23:11:51.684Z"}}, {"model": "market.notification", "pk": 66, "fields": {"user": 13, "notification_type": "review_received", "title": "New Review Received!", "message": "Sarah left a 5-star review for your artwork \"Recycled Metal Sculpture\"", "related_product": null, "related_user": 11, "related_order": null, "is_read": true, "created_at": "2025-07-19T23:11:51.688Z"}}, {"model": "market.notification", "pk": 67, "fields": {"user": 13, "notification_type": "product_added_to_cart", "title": "Added to Cart", "message": "\"Sustainable Wall Art\" has been added to your cart", "related_product": 52, "related_user": 12, "related_order": null, "is_read": false, "created_at": "2025-07-19T23:11:51.692Z"}}, {"model": "market.notification", "pk": 68, "fields": {"user": 13, "notification_type": "order_status_changed", "title": "Order Status Updated", "message": "Your order #XYZ67890 has been shipped and is on its way!", "related_product": 8, "related_user": 9, "related_order": null, "is_read": false, "created_at": "2025-07-19T23:11:51.696Z"}}, {"model": "market.notification", "pk": 69, "fields": {"user": 13, "notification_type": "product_added_to_cart", "title": "Added to Cart", "message": "\"Educational Sustainable Art Showcase 03\" has been added to your cart", "related_product": 64, "related_user": null, "related_order": null, "is_read": false, "created_at": "2025-07-19T23:27:06.664Z"}}, {"model": "market.notification", "pk": 70, "fields": {"user": 13, "notification_type": "product_added_to_cart", "title": "Added to Cart", "message": "\"Educational Sustainable Art Showcase 02\" has been added to your cart", "related_product": 63, "related_user": null, "related_order": null, "is_read": false, "created_at": "2025-07-19T23:27:10.330Z"}}, {"model": "market.notification", "pk": 71, "fields": {"user": 13, "notification_type": "product_added_to_wishlist", "title": "Added to Wishlist", "message": "\"Educational Sustainable Art Showcase 04\" has been added to your wishlist", "related_product": 65, "related_user": null, "related_order": null, "is_read": false, "created_at": "2025-07-19T23:34:22.572Z"}}, {"model": "market.notification", "pk": 72, "fields": {"user": 13, "notification_type": "product_added_to_wishlist", "title": "Added to Wishlist", "message": "\"Educational Sustainable Art Showcase 04\" has been added to your wishlist", "related_product": 65, "related_user": null, "related_order": null, "is_read": false, "created_at": "2025-07-19T23:54:57.340Z"}}, {"model": "market.notification", "pk": 73, "fields": {"user": 13, "notification_type": "product_added_to_wishlist", "title": "Added to Wishlist", "message": "\"Educational Sustainable Art Showcase 03\" has been added to your wishlist", "related_product": 64, "related_user": null, "related_order": null, "is_read": false, "created_at": "2025-07-19T23:55:03.955Z"}}, {"model": "market.notification", "pk": 74, "fields": {"user": 13, "notification_type": "product_added_to_cart", "title": "Added to Cart", "message": "\"Educational Sustainable Art Information Guide\" has been added to your cart", "related_product": 61, "related_user": null, "related_order": null, "is_read": false, "created_at": "2025-07-20T01:04:00.863Z"}}, {"model": "market.notification", "pk": 75, "fields": {"user": 13, "notification_type": "system", "title": "Product Uploaded Successfully!", "message": "Your artwork \"sfgsdf\" has been uploaded and is now live on the marketplace.", "related_product": 66, "related_user": null, "related_order": null, "is_read": false, "created_at": "2025-07-20T01:06:35.580Z"}}, {"model": "market.notification", "pk": 76, "fields": {"user": 14, "notification_type": "welcome", "title": "Welcome to EcoArt Market!", "message": "Thank you for joining our community of eco-conscious artists and art lovers. Start exploring sustainable artwork today!", "related_product": null, "related_user": null, "related_order": null, "is_read": false, "created_at": "2025-07-20T02:07:58.951Z"}}, {"model": "market.notification", "pk": 77, "fields": {"user": 14, "notification_type": "system", "title": "Product Uploaded Successfully!", "message": "Your artwork \"dev6\" has been uploaded and is now live on the marketplace.", "related_product": 67, "related_user": null, "related_order": null, "is_read": false, "created_at": "2025-07-20T02:08:56.430Z"}}, {"model": "market.notification", "pk": 78, "fields": {"user": 14, "notification_type": "product_added_to_wishlist", "title": "Added to Wishlist", "message": "\"dev6\" has been added to your wishlist", "related_product": 67, "related_user": null, "related_order": null, "is_read": false, "created_at": "2025-07-20T02:09:10.461Z"}}, {"model": "market.notification", "pk": 79, "fields": {"user": 13, "notification_type": "review_received", "title": "New Review Received!", "message": "dev6 left a 1-star review for \"sfgsdf\"", "related_product": 66, "related_user": 14, "related_order": null, "is_read": false, "created_at": "2025-07-20T02:14:45.258Z"}}, {"model": "market.notification", "pk": 80, "fields": {"user": 13, "notification_type": "review_received", "title": "Review Updated", "message": "dev6 updated their review for \"sfgsdf\"", "related_product": 66, "related_user": 14, "related_order": null, "is_read": false, "created_at": "2025-07-20T02:18:57.682Z"}}, {"model": "market.notification", "pk": 81, "fields": {"user": 13, "notification_type": "review_deleted", "title": "Review Deleted", "message": "dev6 deleted their review for \"sfgsdf\"", "related_product": 66, "related_user": 14, "related_order": null, "is_read": false, "created_at": "2025-07-20T02:20:57.132Z"}}, {"model": "market.notification", "pk": 82, "fields": {"user": 13, "notification_type": "review_received", "title": "New Review Received!", "message": "dev6 left a 5-star review for \"sfgsdf\"", "related_product": 66, "related_user": 14, "related_order": null, "is_read": false, "created_at": "2025-07-20T02:21:18.461Z"}}, {"model": "market.notification", "pk": 83, "fields": {"user": 13, "notification_type": "review_deleted", "title": "Review Deleted", "message": "dev6 deleted their review for \"sfgsdf\"", "related_product": 66, "related_user": 14, "related_order": null, "is_read": false, "created_at": "2025-07-20T02:21:35.964Z"}}, {"model": "market.notification", "pk": 84, "fields": {"user": 12, "notification_type": "product_added_to_cart", "title": "Added to Cart", "message": "\"sfgsdf\" has been added to your cart", "related_product": 66, "related_user": null, "related_order": null, "is_read": false, "created_at": "2025-07-22T01:45:13.250Z"}}, {"model": "market.notification", "pk": 85, "fields": {"user": 12, "notification_type": "product_added_to_cart", "title": "Added to Cart", "message": "\"Educational Sustainable Art Showcase 04\" has been added to your cart", "related_product": 65, "related_user": null, "related_order": null, "is_read": false, "created_at": "2025-07-22T01:48:08.576Z"}}, {"model": "market.notification", "pk": 86, "fields": {"user": 12, "notification_type": "product_added_to_cart", "title": "Added to Cart", "message": "\"Educational Eco Friendly Art Transport Guide\" has been added to your cart", "related_product": 60, "related_user": null, "related_order": null, "is_read": false, "created_at": "2025-07-22T22:45:52.550Z"}}, {"model": "market.notification", "pk": 87, "fields": {"user": 12, "notification_type": "order_placed", "title": "Order Placed Successfully!", "message": "Your order #HCYYEKEA has been placed. Total: $829.3200", "related_product": null, "related_user": null, "related_order": 2, "is_read": false, "created_at": "2025-07-22T22:46:05.463Z"}}, {"model": "market.notification", "pk": 88, "fields": {"user": 9, "notification_type": "order_placed", "title": "New Order for Your Artwork!", "message": "dev2 purchased \"Educational Eco Friendly Art Transport Guide\" in order #HCYYEKEA", "related_product": 60, "related_user": 12, "related_order": 2, "is_read": false, "created_at": "2025-07-22T22:46:05.474Z"}}, {"model": "market.notification", "pk": 89, "fields": {"user": 12, "notification_type": "system", "title": "Newsletter Subscription Confirmed", "message": "You have successfully subscribed to our weekly newsletter!", "related_product": null, "related_user": null, "related_order": null, "is_read": false, "created_at": "2025-07-22T22:53:54.451Z"}}, {"model": "market.notification", "pk": 90, "fields": {"user": 12, "notification_type": "product_added_to_cart", "title": "Added to Cart", "message": "\"sfgsdf\" has been added to your cart", "related_product": 66, "related_user": null, "related_order": null, "is_read": false, "created_at": "2025-07-22T22:58:02.244Z"}}, {"model": "market.notification", "pk": 91, "fields": {"user": 13, "notification_type": "review_received", "title": "New Review Received!", "message": "dev2 left a 1-star review for \"sfgsdf\"", "related_product": 66, "related_user": 12, "related_order": null, "is_read": false, "created_at": "2025-07-22T23:01:42.240Z"}}, {"model": "market.notification", "pk": 92, "fields": {"user": 12, "notification_type": "product_added_to_wishlist", "title": "Added to Wishlist", "message": "\"Educational Sustainable Art Showcase 03\" has been added to your wishlist", "related_product": 64, "related_user": null, "related_order": null, "is_read": false, "created_at": "2025-07-22T23:03:21.794Z"}}, {"model": "market.notification", "pk": 93, "fields": {"user": 12, "notification_type": "product_added_to_wishlist", "title": "Added to Wishlist", "message": "\"Educational Sustainable Art Showcase 02\" has been added to your wishlist", "related_product": 63, "related_user": null, "related_order": null, "is_read": false, "created_at": "2025-07-22T23:03:26.394Z"}}, {"model": "market.notification", "pk": 94, "fields": {"user": 15, "notification_type": "welcome", "title": "Welcome to EcoArt Market!", "message": "Thank you for joining our community of eco-conscious artists and art lovers. Start exploring sustainable artwork today!", "related_product": null, "related_user": null, "related_order": null, "is_read": true, "created_at": "2025-07-23T07:44:18.672Z"}}, {"model": "market.notification", "pk": 95, "fields": {"user": 15, "notification_type": "product_added_to_cart", "title": "Added to Cart", "message": "\"Educational Sustainable Art Showcase 04\" has been added to your cart", "related_product": 65, "related_user": null, "related_order": null, "is_read": false, "created_at": "2025-07-23T07:55:38.058Z"}}, {"model": "market.notification", "pk": 96, "fields": {"user": 16, "notification_type": "welcome", "title": "Welcome to EcoArt Market!", "message": "Thank you for joining our community of eco-conscious artists and art lovers. Start exploring sustainable artwork today!", "related_product": null, "related_user": null, "related_order": null, "is_read": false, "created_at": "2025-07-28T23:04:36.101Z"}}, {"model": "market.notification", "pk": 97, "fields": {"user": 17, "notification_type": "welcome", "title": "Welcome to EcoArt Market!", "message": "Thank you for joining our community of eco-conscious artists and art lovers. Start exploring sustainable artwork today!", "related_product": null, "related_user": null, "related_order": null, "is_read": true, "created_at": "2026-03-17T19:38:55.045Z"}}, {"model": "market.notification", "pk": 98, "fields": {"user": 17, "notification_type": "product_added_to_wishlist", "title": "Added to Wishlist", "message": "\"sfgsdf\" has been added to your wishlist", "related_product": 66, "related_user": null, "related_order": null, "is_read": true, "created_at": "2026-03-17T19:39:03.261Z"}}, {"model": "market.notification", "pk": 99, "fields": {"user": 17, "notification_type": "product_added_to_cart", "title": "Added to Cart", "message": "\"sfgsdf\" has been added to your cart", "related_product": 66, "related_user": null, "related_order": null, "is_read": true, "created_at": "2026-03-17T19:39:12.198Z"}}, {"model": "market.notification", "pk": 100, "fields": {"user": 17, "notification_type": "product_removed_from_wishlist", "title": "Removed from Wishlist", "message": "\"sfgsdf\" has been removed from your wishlist", "related_product": 66, "related_user": null, "related_order": null, "is_read": true, "created_at": "2026-03-17T19:39:26.632Z"}}, {"model": "market.notification", "pk": 101, "fields": {"user": 17, "notification_type": "product_removed_from_cart", "title": "Removed from Cart", "message": "\"sfgsdf\" has been removed from your cart", "related_product": 66, "related_user": null, "related_order": null, "is_read": true, "created_at": "2026-03-17T19:39:30.596Z"}}, {"model": "market.notification", "pk": 102, "fields": {"user": 17, "notification_type": "product_added_to_wishlist", "title": "Added to Wishlist", "message": "\"sfgsdf\" has been added to your wishlist", "related_product": 66, "related_user": null, "related_order": null, "is_read": true, "created_at": "2026-03-17T19:45:08.527Z"}}, {"model": "market.notification", "pk": 103, "fields": {"user": 17, "notification_type": "product_removed_from_wishlist", "title": "Removed from Wishlist", "message": "\"sfgsdf\" has been removed from your wishlist", "related_product": 66, "related_user": null, "related_order": null, "is_read": true, "created_at": "2026-03-17T19:45:11.403Z"}}, {"model": "market.notification", "pk": 104, "fields": {"user": 18, "notification_type": "welcome", "title": "Welcome to EcoArt Market!", "message": "Thank you for joining our community of eco-conscious artists and art lovers. Start exploring sustainable artwork today!", "related_product": null, "related_user": null, "related_order": null, "is_read": false, "created_at": "2026-03-23T15:15:26.108Z"}}, {"model": "market.notification", "pk": 105, "fields": {"user": 18, "notification_type": "product_added_to_cart", "title": "Added to Cart", "message": "\"Sustainable Cled Jewelry 14 Adf90e29 5a0a 45ed Bbd7 3e871fb935da\" has been added to your cart", "related_product": 50, "related_user": null, "related_order": null, "is_read": false, "created_at": "2026-03-23T15:17:12.677Z"}}, {"model": "market.notification", "pk": 106, "fields": {"user": 17, "notification_type": "product_added_to_wishlist", "title": "Added to Wishlist", "message": "\"Eco Eco Wall Art 05\" has been added to your wishlist", "related_product": 22, "related_user": null, "related_order": null, "is_read": true, "created_at": "2026-03-30T14:35:48.401Z"}}, {"model": "market.notification", "pk": 107, "fields": {"user": 17, "notification_type": "product_added_to_cart", "title": "Added to Cart", "message": "\"Recycled Recycled Metal Sculpture 01\" has been added to your cart", "related_product": 54, "related_user": null, "related_order": null, "is_read": true, "created_at": "2026-03-30T14:36:25.282Z"}}, {"model": "market.notification", "pk": 108, "fields": {"user": 17, "notification_type": "product_added_to_cart", "title": "Added to Cart", "message": "\"Eco Eco Wall Art 05\" has been added to your cart", "related_product": 22, "related_user": null, "related_order": null, "is_read": true, "created_at": "2026-03-30T14:39:18.881Z"}}, {"model": "market.notification", "pk": 109, "fields": {"user": 17, "notification_type": "product_added_to_wishlist", "title": "Added to Wishlist", "message": "\"Sustainable Sustainable Clothing Collection 01\" has been added to your wishlist", "related_product": 26, "related_user": null, "related_order": null, "is_read": true, "created_at": "2026-03-30T14:39:44.635Z"}}, {"model": "market.notification", "pk": 110, "fields": {"user": 17, "notification_type": "system", "title": "Artist Application Submitted", "message": "Your artist application has been submitted and is under review.", "related_product": null, "related_user": null, "related_order": null, "is_read": false, "created_at": "2026-03-31T02:17:54.906Z"}}, {"model": "market.notification", "pk": 111, "fields": {"user": 17, "notification_type": "system", "title": "Product Uploaded Successfully!", "message": "Your artwork \"eco friendly jewelry-\" has been uploaded and is now live on the marketplace.", "related_product": 68, "related_user": null, "related_order": null, "is_read": false, "created_at": "2026-03-31T02:20:24.506Z"}}, {"model": "market.notification", "pk": 112, "fields": {"user": 19, "notification_type": "welcome", "title": "Welcome to EcoArt Market!", "message": "Thank you for joining our community of eco-conscious artists and art lovers. Start exploring sustainable artwork today!", "related_product": null, "related_user": null, "related_order": null, "is_read": false, "created_at": "2026-03-31T02:23:23.115Z"}}, {"model": "market.notification", "pk": 113, "fields": {"user": 19, "notification_type": "system", "title": "Artist Application Submitted", "message": "Your artist application has been submitted and is under review.", "related_product": null, "related_user": null, "related_order": null, "is_read": false, "created_at": "2026-03-31T02:33:28.195Z"}}, {"model": "market.notification", "pk": 114, "fields": {"user": 19, "notification_type": "system", "title": "Artist Application Submitted", "message": "Your artist application has been submitted and is under review.", "related_product": null, "related_user": null, "related_order": null, "is_read": false, "created_at": "2026-03-31T02:35:38.158Z"}}, {"model": "market.notification", "pk": 115, "fields": {"user": 19, "notification_type": "system", "title": "Artist Application Submitted", "message": "Your artist application has been submitted and is under review.", "related_product": null, "related_user": null, "related_order": null, "is_read": false, "created_at": "2026-03-31T02:37:50.265Z"}}, {"model": "market.notification", "pk": 116, "fields": {"user": 20, "notification_type": "welcome", "title": "Welcome to EcoArt Market!", "message": "Thank you for joining our community of eco-conscious artists and art lovers. Start exploring sustainable artwork today!", "related_product": null, "related_user": null, "related_order": null, "is_read": false, "created_at": "2026-03-31T02:42:54.751Z"}}, {"model": "market.notification", "pk": 117, "fields": {"user": 20, "notification_type": "system", "title": "Artist Application Submitted", "message": "Your artist application has been submitted and is under review.", "related_product": null, "related_user": null, "related_order": null, "is_read": false, "created_at": "2026-03-31T02:43:17.379Z"}}, {"model": "market.review", "pk": 1, "fields": {"product": 1, "user": 6, "rating": 5, "comment": "The materials used are so unique and the story behind it is inspiring.", "created_at": "2026-01-02T10:00:00Z"}}, {"model": "market.review", "pk": 2, "fields": {"product": 1, "user": 9, "rating": 5, "comment": "Incredible work! The recycled materials create such interesting textures and patterns.", "created_at": "2026-02-03T10:00:00Z"}}, {"model": "market.review", "pk": 3, "fields": {"product": 2, "user": 7, "rating": 5, "comment": "This piece has become the focal point of my room. The sustainable materials give it such character.", "created_at": "2026-01-04T10:00:00Z"}}, {"model": "market.review", "pk": 4, "fields": {"product": 2, "user": 8, "rating": 4, "comment": "Beautiful craftsmanship and eco-friendly materials. Exactly what I was looking for!", "created_at": "2026-02-05T10:00:00Z"}}, {"model": "market.review", "pk": 5, "fields": {"product": 2, "user": 5, "rating": 4, "comment": "The artist's commitment to sustainability really shows in the quality of this piece.", "created_at": "2026-01-06T10:00:00Z"}}, {"model": "market.review", "pk": 6, "fields": {"product": 3, "user": 9, "rating": 5, "comment": "The artist's statement really resonates with me. This piece tells such an important story.", "created_at": "2026-02-07T10:00:00Z"}}, {"model": "market.review", "pk": 7, "fields": {"product": 3, "user": 4, "rating": 5, "comment": "The artist's statement really resonates with me. This piece tells such an important story.", "created_at": "2026-01-08T10:00:00Z"}}, {"model": "market.review", "pk": 8, "fields": {"product": 4, "user": 4, "rating": 4, "comment": "A beautiful reminder that art can be both stunning and environmentally conscious.", "created_at": "2026-02-09T10:00:00Z"}}, {"model": "market.review", "pk": 9, "fields": {"product": 4, "user": 3, "rating": 4, "comment": "The craftsmanship is outstanding and the eco-friendly materials make it even better.", "created_at": "2026-01-10T10:00:00Z"}}, {"model": "market.review", "pk": 10, "fields": {"product": 4, "user": 6, "rating": 4, "comment": "The artist's statement really resonates with me. This piece tells such an important story.", "created_at": "2026-02-11T10:00:00Z"}}, {"model": "market.review", "pk": 11, "fields": {"product": 5, "user": 7, "rating": 4, "comment": "The artist's vision really shines through. A perfect blend of creativity and sustainability.", "created_at": "2026-01-12T10:00:00Z"}}, {"model": "market.review", "pk": 12, "fields": {"product": 5, "user": 13, "rating": 4, "comment": "Beautiful craftsmanship and eco-friendly materials. Exactly what I was looking for!", "created_at": "2026-02-13T10:00:00Z"}}, {"model": "market.review", "pk": 13, "fields": {"product": 5, "user": 8, "rating": 5, "comment": "Love the eco-friendly approach. This artwork not only looks beautiful but also helps the environment.", "created_at": "2026-01-14T10:00:00Z"}}, {"model": "market.review", "pk": 14, "fields": {"product": 5, "user": 5, "rating": 5, "comment": "The artist's statement really resonates with me. This piece tells such an important story.", "created_at": "2026-02-15T10:00:00Z"}}, {"model": "market.review", "pk": 15, "fields": {"product": 6, "user": 9, "rating": 5, "comment": "This piece has such a unique story to tell. Love the sustainable approach!", "created_at": "2026-01-16T10:00:00Z"}}, {"model": "market.review", "pk": 16, "fields": {"product": 6, "user": 2, "rating": 5, "comment": "The materials used are so unique and the story behind it is inspiring.", "created_at": "2026-02-17T10:00:00Z"}}, {"model": "market.review", "pk": 17, "fields": {"product": 6, "user": 5, "rating": 5, "comment": "Absolutely stunning piece! The craftsmanship is incredible and the sustainable materials make it even more special.", "created_at": "2026-01-18T10:00:00Z"}}, {"model": "market.review", "pk": 18, "fields": {"product": 6, "user": 6, "rating": 5, "comment": "Love the eco-friendly approach. This artwork not only looks beautiful but also helps the environment.", "created_at": "2026-02-19T10:00:00Z"}}, {"model": "market.review", "pk": 19, "fields": {"product": 6, "user": 13, "rating": 5, "comment": "The craftsmanship is outstanding and the eco-friendly materials make it even better.", "created_at": "2026-01-20T10:00:00Z"}}, {"model": "market.review", "pk": 20, "fields": {"product": 7, "user": 10, "rating": 5, "comment": "This artwork exceeded my expectations. The sustainable approach makes it even more meaningful.", "created_at": "2026-02-21T10:00:00Z"}}, {"model": "market.review", "pk": 21, "fields": {"product": 7, "user": 5, "rating": 4, "comment": "Amazing attention to detail. You can tell this was made with care and environmental consciousness.", "created_at": "2026-01-22T10:00:00Z"}}, {"model": "market.review", "pk": 22, "fields": {"product": 7, "user": 3, "rating": 5, "comment": "This piece adds such warmth to my space. The sustainable materials give it a unique character.", "created_at": "2026-02-23T10:00:00Z"}}, {"model": "market.review", "pk": 23, "fields": {"product": 7, "user": 1, "rating": 5, "comment": "Incredible work! The recycled materials create such interesting textures and patterns.", "created_at": "2026-01-24T10:00:00Z"}}, {"model": "market.review", "pk": 24, "fields": {"product": 7, "user": 12, "rating": 4, "comment": "Love how this piece combines traditional techniques with modern sustainable practices.", "created_at": "2026-02-25T10:00:00Z"}}, {"model": "market.review", "pk": 25, "fields": {"product": 8, "user": 13, "rating": 4, "comment": "The materials used are so unique and the story behind it is inspiring.", "created_at": "2026-01-26T10:00:00Z"}}, {"model": "market.review", "pk": 26, "fields": {"product": 8, "user": 6, "rating": 5, "comment": "Amazing attention to detail. You can tell this was made with care and environmental consciousness.", "created_at": "2026-02-27T10:00:00Z"}}, {"model": "market.review", "pk": 27, "fields": {"product": 8, "user": 10, "rating": 4, "comment": "The materials used are so unique and the story behind it is inspiring.", "created_at": "2026-01-28T10:00:00Z"}}, {"model": "market.review", "pk": 28, "fields": {"product": 8, "user": 7, "rating": 5, "comment": "This artwork exceeded my expectations. The sustainable approach makes it even more meaningful.", "created_at": "2026-02-01T10:00:00Z"}}, {"model": "market.review", "pk": 29, "fields": {"product": 9, "user": 3, "rating": 4, "comment": "The artist's vision really shines through. A perfect blend of creativity and sustainability.", "created_at": "2026-01-02T10:00:00Z"}}, {"model": "market.review", "pk": 30, "fields": {"product": 9, "user": 10, "rating": 4, "comment": "Absolutely stunning piece! The craftsmanship is incredible and the sustainable materials make it even more special.", "created_at": "2026-02-03T10:00:00Z"}}, {"model": "market.review", "pk": 31, "fields": {"product": 10, "user": 3, "rating": 5, "comment": "Love how this piece combines traditional techniques with modern sustainable practices.", "created_at": "2026-01-04T10:00:00Z"}}, {"model": "market.review", "pk": 32, "fields": {"product": 10, "user": 9, "rating": 4, "comment": "This piece has become the focal point of my room. The sustainable materials give it such character.", "created_at": "2026-02-05T10:00:00Z"}}, {"model": "market.review", "pk": 33, "fields": {"product": 10, "user": 5, "rating": 5, "comment": "Stunning piece that perfectly balances aesthetics with environmental responsibility.", "created_at": "2026-01-06T10:00:00Z"}}, {"model": "market.review", "pk": 34, "fields": {"product": 10, "user": 11, "rating": 4, "comment": "Stunning piece that perfectly balances aesthetics with environmental responsibility.", "created_at": "2026-02-07T10:00:00Z"}}, {"model": "market.review", "pk": 35, "fields": {"product": 10, "user": 6, "rating": 4, "comment": "Stunning piece that perfectly balances aesthetics with environmental responsibility.", "created_at": "2026-01-08T10:00:00Z"}}, {"model": "market.review", "pk": 36, "fields": {"product": 11, "user": 13, "rating": 4, "comment": "The artist's statement really resonates with me. This piece tells such an important story.", "created_at": "2026-02-09T10:00:00Z"}}, {"model": "market.review", "pk": 37, "fields": {"product": 11, "user": 8, "rating": 4, "comment": "The artist's commitment to sustainability really shows in the quality of this piece.", "created_at": "2026-01-10T10:00:00Z"}}, {"model": "market.review", "pk": 38, "fields": {"product": 11, "user": 9, "rating": 5, "comment": "Absolutely gorgeous! The sustainable materials add such depth and meaning to the artwork.", "created_at": "2026-02-11T10:00:00Z"}}, {"model": "market.review", "pk": 39, "fields": {"product": 11, "user": 3, "rating": 5, "comment": "Beautiful craftsmanship and eco-friendly materials. Exactly what I was looking for!", "created_at": "2026-01-12T10:00:00Z"}}, {"model": "market.review", "pk": 40, "fields": {"product": 11, "user": 1, "rating": 4, "comment": "This piece has such a unique story to tell. Love the sustainable approach!", "created_at": "2026-02-13T10:00:00Z"}}, {"model": "market.review", "pk": 41, "fields": {"product": 12, "user": 6, "rating": 5, "comment": "This artwork exceeded my expectations. The sustainable approach makes it even more meaningful.", "created_at": "2026-01-14T10:00:00Z"}}, {"model": "market.review", "pk": 42, "fields": {"product": 12, "user": 5, "rating": 5, "comment": "A beautiful reminder that art can be both stunning and environmentally conscious.", "created_at": "2026-02-15T10:00:00Z"}}, {"model": "market.review", "pk": 43, "fields": {"product": 13, "user": 5, "rating": 5, "comment": "This piece has become the focal point of my room. The sustainable materials give it such character.", "created_at": "2026-01-16T10:00:00Z"}}, {"model": "market.review", "pk": 44, "fields": {"product": 13, "user": 7, "rating": 4, "comment": "Love how this piece combines traditional techniques with modern sustainable practices.", "created_at": "2026-02-17T10:00:00Z"}}, {"model": "market.review", "pk": 45, "fields": {"product": 13, "user": 2, "rating": 4, "comment": "The artist's vision really shines through. A perfect blend of creativity and sustainability.", "created_at": "2026-01-18T10:00:00Z"}}, {"model": "market.review", "pk": 46, "fields": {"product": 14, "user": 7, "rating": 4, "comment": "Amazing attention to detail. You can tell this was made with care and environmental consciousness.", "created_at": "2026-02-19T10:00:00Z"}}, {"model": "market.review", "pk": 47, "fields": {"product": 14, "user": 4, "rating": 5, "comment": "Love the eco-friendly approach. This artwork not only looks beautiful but also helps the environment.", "created_at": "2026-01-20T10:00:00Z"}}, {"model": "market.review", "pk": 48, "fields": {"product": 14, "user": 9, "rating": 5, "comment": "Amazing attention to detail. You can tell this was made with care and environmental consciousness.", "created_at": "2026-02-21T10:00:00Z"}}, {"model": "market.review", "pk": 49, "fields": {"product": 15, "user": 6, "rating": 5, "comment": "Absolutely stunning piece! The craftsmanship is incredible and the sustainable materials make it even more special.", "created_at": "2026-01-22T10:00:00Z"}}, {"model": "market.review", "pk": 50, "fields": {"product": 15, "user": 7, "rating": 4, "comment": "Love how this piece combines traditional techniques with modern sustainable practices.", "created_at": "2026-02-23T10:00:00Z"}}, {"model": "market.review", "pk": 51, "fields": {"product": 15, "user": 5, "rating": 4, "comment": "Beautiful craftsmanship and eco-friendly materials. Exactly what I was looking for!", "created_at": "2026-01-24T10:00:00Z"}}, {"model": "market.review", "pk": 52, "fields": {"product": 15, "user": 3, "rating": 4, "comment": "The craftsmanship is outstanding and the eco-friendly materials make it even better.", "created_at": "2026-02-25T10:00:00Z"}}, {"model": "market.review", "pk": 53, "fields": {"product": 15, "user": 2, "rating": 4, "comment": "Absolutely stunning piece! The craftsmanship is incredible and the sustainable materials make it even more special.", "created_at": "2026-01-26T10:00:00Z"}}, {"model": "market.review", "pk": 54, "fields": {"product": 16, "user": 9, "rating": 4, "comment": "Stunning piece that perfectly balances aesthetics with environmental responsibility.", "created_at": "2026-02-27T10:00:00Z"}}, {"model": "market.review", "pk": 55, "fields": {"product": 16, "user": 4, "rating": 4, "comment": "Incredible work! The recycled materials create such interesting textures and patterns.", "created_at": "2026-01-28T10:00:00Z"}}, {"model": "market.review", "pk": 56, "fields": {"product": 16, "user": 2, "rating": 5, "comment": "Beautiful craftsmanship and eco-friendly materials. Exactly what I was looking for!", "created_at": "2026-02-01T10:00:00Z"}}, {"model": "market.review", "pk": 57, "fields": {"product": 16, "user": 1, "rating": 4, "comment": "This artwork exceeded my expectations. The sustainable approach makes it even more meaningful.", "created_at": "2026-01-02T10:00:00Z"}}, {"model": "market.review", "pk": 58, "fields": {"product": 17, "user": 1, "rating": 4, "comment": "Incredible work! The recycled materials create such interesting textures and patterns.", "created_at": "2026-02-03T10:00:00Z"}}, {"model": "market.review", "pk": 59, "fields": {"product": 17, "user": 12, "rating": 5, "comment": "Incredible talent! The way recycled materials are transformed into beauty is inspiring.", "created_at": "2026-01-04T10:00:00Z"}}, {"model": "market.review", "pk": 60, "fields": {"product": 17, "user": 7, "rating": 5, "comment": "The artist's vision really shines through. A perfect blend of creativity and sustainability.", "created_at": "2026-02-05T10:00:00Z"}}, {"model": "market.review", "pk": 61, "fields": {"product": 18, "user": 11, "rating": 4, "comment": "A beautiful reminder that art can be both stunning and environmentally conscious.", "created_at": "2026-01-06T10:00:00Z"}}, {"model": "market.review", "pk": 62, "fields": {"product": 18, "user": 7, "rating": 5, "comment": "Incredible talent! The way recycled materials are transformed into beauty is inspiring.", "created_at": "2026-02-07T10:00:00Z"}}, {"model": "market.review", "pk": 63, "fields": {"product": 18, "user": 12, "rating": 5, "comment": "This piece has such a unique story to tell. Love the sustainable approach!", "created_at": "2026-01-08T10:00:00Z"}}, {"model": "market.review", "pk": 64, "fields": {"product": 18, "user": 2, "rating": 5, "comment": "Beautiful craftsmanship and eco-friendly materials. Exactly what I was looking for!", "created_at": "2026-02-09T10:00:00Z"}}, {"model": "market.review", "pk": 65, "fields": {"product": 18, "user": 3, "rating": 5, "comment": "This piece has become the focal point of my room. The sustainable materials give it such character.", "created_at": "2026-01-10T10:00:00Z"}}, {"model": "market.review", "pk": 66, "fields": {"product": 19, "user": 3, "rating": 4, "comment": "Amazing attention to detail. You can tell this was made with care and environmental consciousness.", "created_at": "2026-02-11T10:00:00Z"}}, {"model": "market.review", "pk": 67, "fields": {"product": 19, "user": 7, "rating": 4, "comment": "This piece has become the focal point of my room. The sustainable materials give it such character.", "created_at": "2026-01-12T10:00:00Z"}}, {"model": "market.review", "pk": 68, "fields": {"product": 20, "user": 6, "rating": 5, "comment": "Love how this piece combines traditional techniques with modern sustainable practices.", "created_at": "2026-02-13T10:00:00Z"}}, {"model": "market.review", "pk": 69, "fields": {"product": 20, "user": 13, "rating": 4, "comment": "Absolutely gorgeous! The sustainable materials add such depth and meaning to the artwork.", "created_at": "2026-01-14T10:00:00Z"}}, {"model": "market.review", "pk": 70, "fields": {"product": 21, "user": 10, "rating": 4, "comment": "The artist's statement really resonates with me. This piece tells such an important story.", "created_at": "2026-02-15T10:00:00Z"}}, {"model": "market.review", "pk": 71, "fields": {"product": 21, "user": 6, "rating": 4, "comment": "The materials used are so unique and the story behind it is inspiring.", "created_at": "2026-01-16T10:00:00Z"}}, {"model": "market.review", "pk": 72, "fields": {"product": 21, "user": 5, "rating": 5, "comment": "The attention to detail is remarkable. A true work of art that respects our planet.", "created_at": "2026-02-17T10:00:00Z"}}, {"model": "market.review", "pk": 73, "fields": {"product": 22, "user": 5, "rating": 5, "comment": "Incredible talent! The way recycled materials are transformed into beauty is inspiring.", "created_at": "2026-01-18T10:00:00Z"}}, {"model": "market.review", "pk": 74, "fields": {"product": 22, "user": 8, "rating": 5, "comment": "Beautiful craftsmanship and eco-friendly materials. Exactly what I was looking for!", "created_at": "2026-02-19T10:00:00Z"}}, {"model": "market.review", "pk": 75, "fields": {"product": 22, "user": 7, "rating": 4, "comment": "Love the eco-friendly approach. This artwork not only looks beautiful but also helps the environment.", "created_at": "2026-01-20T10:00:00Z"}}, {"model": "market.review", "pk": 76, "fields": {"product": 22, "user": 3, "rating": 4, "comment": "The artist's statement really resonates with me. This piece tells such an important story.", "created_at": "2026-02-21T10:00:00Z"}}, {"model": "market.review", "pk": 77, "fields": {"product": 22, "user": 12, "rating": 5, "comment": "Love the eco-friendly approach. This artwork not only looks beautiful but also helps the environment.", "created_at": "2026-01-22T10:00:00Z"}}, {"model": "market.review", "pk": 78, "fields": {"product": 23, "user": 9, "rating": 4, "comment": "The artist's vision really shines through. A perfect blend of creativity and sustainability.", "created_at": "2026-02-23T10:00:00Z"}}, {"model": "market.review", "pk": 79, "fields": {"product": 23, "user": 2, "rating": 4, "comment": "Amazing attention to detail. You can tell this was made with care and environmental consciousness.", "created_at": "2026-01-24T10:00:00Z"}}, {"model": "market.review", "pk": 80, "fields": {"product": 23, "user": 7, "rating": 5, "comment": "The artist's statement really resonates with me. This piece tells such an important story.", "created_at": "2026-02-25T10:00:00Z"}}, {"model": "market.review", "pk": 81, "fields": {"product": 24, "user": 9, "rating": 4, "comment": "A beautiful reminder that art can be both stunning and environmentally conscious.", "created_at": "2026-01-26T10:00:00Z"}}, {"model": "market.review", "pk": 82, "fields": {"product": 24, "user": 5, "rating": 5, "comment": "This piece adds such warmth to my space. The sustainable materials give it a unique character.", "created_at": "2026-02-27T10:00:00Z"}}, {"model": "market.review", "pk": 83, "fields": {"product": 24, "user": 12, "rating": 4, "comment": "Absolutely gorgeous! The sustainable materials add such depth and meaning to the artwork.", "created_at": "2026-01-28T10:00:00Z"}}, {"model": "market.review", "pk": 84, "fields": {"product": 25, "user": 6, "rating": 4, "comment": "Incredible talent! The way recycled materials are transformed into beauty is inspiring.", "created_at": "2026-02-01T10:00:00Z"}}, {"model": "market.review", "pk": 85, "fields": {"product": 25, "user": 1, "rating": 4, "comment": "The artist's statement really resonates with me. This piece tells such an important story.", "created_at": "2026-01-02T10:00:00Z"}}, {"model": "market.review", "pk": 86, "fields": {"product": 26, "user": 2, "rating": 5, "comment": "This piece adds such warmth to my space. The sustainable materials give it a unique character.", "created_at": "2026-02-03T10:00:00Z"}}, {"model": "market.review", "pk": 87, "fields": {"product": 26, "user": 9, "rating": 4, "comment": "The attention to detail is remarkable. A true work of art that respects our planet.", "created_at": "2026-01-04T10:00:00Z"}}, {"model": "market.review", "pk": 88, "fields": {"product": 27, "user": 13, "rating": 4, "comment": "The craftsmanship is outstanding and the eco-friendly materials make it even better.", "created_at": "2026-02-05T10:00:00Z"}}, {"model": "market.review", "pk": 89, "fields": {"product": 27, "user": 8, "rating": 4, "comment": "Beautiful craftsmanship and eco-friendly materials. Exactly what I was looking for!", "created_at": "2026-01-06T10:00:00Z"}}, {"model": "market.review", "pk": 90, "fields": {"product": 28, "user": 11, "rating": 4, "comment": "Amazing attention to detail. You can tell this was made with care and environmental consciousness.", "created_at": "2026-02-07T10:00:00Z"}}, {"model": "market.review", "pk": 91, "fields": {"product": 28, "user": 10, "rating": 5, "comment": "Love the eco-friendly approach. This artwork not only looks beautiful but also helps the environment.", "created_at": "2026-01-08T10:00:00Z"}}, {"model": "market.review", "pk": 92, "fields": {"product": 29, "user": 1, "rating": 4, "comment": "This artwork exceeded my expectations. The sustainable approach makes it even more meaningful.", "created_at": "2026-02-09T10:00:00Z"}}, {"model": "market.review", "pk": 93, "fields": {"product": 29, "user": 7, "rating": 5, "comment": "Absolutely stunning piece! The craftsmanship is incredible and the sustainable materials make it even more special.", "created_at": "2026-01-10T10:00:00Z"}}, {"model": "market.review", "pk": 94, "fields": {"product": 30, "user": 2, "rating": 5, "comment": "Love how this piece combines traditional techniques with modern sustainable practices.", "created_at": "2026-02-11T10:00:00Z"}}, {"model": "market.review", "pk": 95, "fields": {"product": 30, "user": 13, "rating": 4, "comment": "Amazing attention to detail. You can tell this was made with care and environmental consciousness.", "created_at": "2026-01-12T10:00:00Z"}}, {"model": "market.review", "pk": 96, "fields": {"product": 30, "user": 7, "rating": 5, "comment": "The artist's vision really shines through. A perfect blend of creativity and sustainability.", "created_at": "2026-02-13T10:00:00Z"}}, {"model": "market.review", "pk": 97, "fields": {"product": 31, "user": 10, "rating": 5, "comment": "A beautiful reminder that art can be both stunning and environmentally conscious.", "created_at": "2026-01-14T10:00:00Z"}}, {"model": "market.review", "pk": 98, "fields": {"product": 31, "user": 12, "rating": 5, "comment": "Amazing attention to detail. You can tell this was made with care and environmental consciousness.", "created_at": "2026-02-15T10:00:00Z"}}, {"model": "market.review", "pk": 99, "fields": {"product": 31, "user": 2, "rating": 5, "comment": "This artwork exceeded my expectations. The sustainable approach makes it even more meaningful.", "created_at": "2026-01-16T10:00:00Z"}}, {"model": "market.review", "pk": 100, "fields": {"product": 31, "user": 3, "rating": 4, "comment": "Absolutely gorgeous! The sustainable materials add such depth and meaning to the artwork.", "created_at": "2026-02-17T10:00:00Z"}}, {"model": "market.review", "pk": 101, "fields": {"product": 32, "user": 1, "rating": 4, "comment": "This piece adds such warmth to my space. The sustainable materials give it a unique character.", "created_at": "2026-01-18T10:00:00Z"}}, {"model": "market.review", "pk": 102, "fields": {"product": 32, "user": 3, "rating": 4, "comment": "The artist's statement really resonates with me. This piece tells such an important story.", "created_at": "2026-02-19T10:00:00Z"}}, {"model": "market.review", "pk": 103, "fields": {"product": 32, "user": 6, "rating": 4, "comment": "This piece has become the focal point of my room. The sustainable materials give it such character.", "created_at": "2026-01-20T10:00:00Z"}}, {"model": "market.review", "pk": 104, "fields": {"product": 32, "user": 8, "rating": 5, "comment": "This piece has such a unique story to tell. Love the sustainable approach!", "created_at": "2026-02-21T10:00:00Z"}}, {"model": "market.review", "pk": 105, "fields": {"product": 32, "user": 5, "rating": 4, "comment": "This artwork exceeded my expectations. The sustainable approach makes it even more meaningful.", "created_at": "2026-01-22T10:00:00Z"}}, {"model": "market.review", "pk": 106, "fields": {"product": 33, "user": 11, "rating": 5, "comment": "Incredible talent! The way recycled materials are transformed into beauty is inspiring.", "created_at": "2026-02-23T10:00:00Z"}}, {"model": "market.review", "pk": 107, "fields": {"product": 33, "user": 4, "rating": 5, "comment": "Amazing attention to detail. You can tell this was made with care and environmental consciousness.", "created_at": "2026-01-24T10:00:00Z"}}, {"model": "market.review", "pk": 108, "fields": {"product": 34, "user": 11, "rating": 4, "comment": "Incredible talent! The way recycled materials are transformed into beauty is inspiring.", "created_at": "2026-02-25T10:00:00Z"}}, {"model": "market.review", "pk": 109, "fields": {"product": 34, "user": 1, "rating": 4, "comment": "Incredible talent! The way recycled materials are transformed into beauty is inspiring.", "created_at": "2026-01-26T10:00:00Z"}}, {"model": "market.review", "pk": 110, "fields": {"product": 34, "user": 12, "rating": 4, "comment": "The materials used are so unique and the story behind it is inspiring.", "created_at": "2026-02-27T10:00:00Z"}}, {"model": "market.review", "pk": 111, "fields": {"product": 34, "user": 13, "rating": 5, "comment": "The artist's commitment to sustainability really shows in the quality of this piece.", "created_at": "2026-01-28T10:00:00Z"}}, {"model": "market.review", "pk": 112, "fields": {"product": 35, "user": 1, "rating": 4, "comment": "The artist's statement really resonates with me. This piece tells such an important story.", "created_at": "2026-02-01T10:00:00Z"}}, {"model": "market.review", "pk": 113, "fields": {"product": 35, "user": 6, "rating": 4, "comment": "The materials used are so unique and the story behind it is inspiring.", "created_at": "2026-01-02T10:00:00Z"}}, {"model": "market.review", "pk": 114, "fields": {"product": 35, "user": 11, "rating": 5, "comment": "The artist's commitment to sustainability really shows in the quality of this piece.", "created_at": "2026-02-03T10:00:00Z"}}, {"model": "market.review", "pk": 115, "fields": {"product": 35, "user": 4, "rating": 4, "comment": "This piece has become the focal point of my room. The sustainable materials give it such character.", "created_at": "2026-01-04T10:00:00Z"}}, {"model": "market.review", "pk": 116, "fields": {"product": 35, "user": 2, "rating": 5, "comment": "Incredible talent! The way recycled materials are transformed into beauty is inspiring.", "created_at": "2026-02-05T10:00:00Z"}}, {"model": "market.review", "pk": 117, "fields": {"product": 36, "user": 8, "rating": 4, "comment": "This piece has become the focal point of my room. The sustainable materials give it such character.", "created_at": "2026-01-06T10:00:00Z"}}, {"model": "market.review", "pk": 118, "fields": {"product": 36, "user": 10, "rating": 5, "comment": "The artist's statement really resonates with me. This piece tells such an important story.", "created_at": "2026-02-07T10:00:00Z"}}, {"model": "market.review", "pk": 119, "fields": {"product": 37, "user": 13, "rating": 5, "comment": "The attention to detail is remarkable. A true work of art that respects our planet.", "created_at": "2026-01-08T10:00:00Z"}}, {"model": "market.review", "pk": 120, "fields": {"product": 37, "user": 10, "rating": 5, "comment": "The craftsmanship is outstanding and the eco-friendly materials make it even better.", "created_at": "2026-02-09T10:00:00Z"}}, {"model": "market.review", "pk": 121, "fields": {"product": 38, "user": 11, "rating": 5, "comment": "Stunning piece that perfectly balances aesthetics with environmental responsibility.", "created_at": "2026-01-10T10:00:00Z"}}, {"model": "market.review", "pk": 122, "fields": {"product": 38, "user": 7, "rating": 4, "comment": "Stunning piece that perfectly balances aesthetics with environmental responsibility.", "created_at": "2026-02-11T10:00:00Z"}}, {"model": "market.review", "pk": 123, "fields": {"product": 38, "user": 3, "rating": 4, "comment": "Love how this piece combines traditional techniques with modern sustainable practices.", "created_at": "2026-01-12T10:00:00Z"}}, {"model": "market.review", "pk": 124, "fields": {"product": 39, "user": 11, "rating": 4, "comment": "This piece has become the focal point of my room. The sustainable materials give it such character.", "created_at": "2026-02-13T10:00:00Z"}}, {"model": "market.review", "pk": 125, "fields": {"product": 39, "user": 6, "rating": 4, "comment": "This piece has such a unique story to tell. Love the sustainable approach!", "created_at": "2026-01-14T10:00:00Z"}}, {"model": "market.review", "pk": 126, "fields": {"product": 39, "user": 5, "rating": 5, "comment": "Stunning piece that perfectly balances aesthetics with environmental responsibility.", "created_at": "2026-02-15T10:00:00Z"}}, {"model": "market.review", "pk": 127, "fields": {"product": 40, "user": 13, "rating": 4, "comment": "Incredible talent! The way recycled materials are transformed into beauty is inspiring.", "created_at": "2026-01-16T10:00:00Z"}}, {"model": "market.review", "pk": 128, "fields": {"product": 40, "user": 3, "rating": 4, "comment": "Love how this piece combines traditional techniques with modern sustainable practices.", "created_at": "2026-02-17T10:00:00Z"}}, {"model": "market.review", "pk": 129, "fields": {"product": 41, "user": 13, "rating": 5, "comment": "This piece adds such warmth to my space. The sustainable materials give it a unique character.", "created_at": "2026-01-18T10:00:00Z"}}, {"model": "market.review", "pk": 130, "fields": {"product": 41, "user": 2, "rating": 5, "comment": "Incredible work! The recycled materials create such interesting textures and patterns.", "created_at": "2026-02-19T10:00:00Z"}}, {"model": "market.review", "pk": 131, "fields": {"product": 41, "user": 10, "rating": 4, "comment": "Incredible talent! The way recycled materials are transformed into beauty is inspiring.", "created_at": "2026-01-20T10:00:00Z"}}, {"model": "market.review", "pk": 132, "fields": {"product": 41, "user": 5, "rating": 4, "comment": "This artwork exceeded my expectations. The sustainable approach makes it even more meaningful.", "created_at": "2026-02-21T10:00:00Z"}}, {"model": "market.review", "pk": 133, "fields": {"product": 41, "user": 11, "rating": 5, "comment": "The artist's commitment to sustainability really shows in the quality of this piece.", "created_at": "2026-01-22T10:00:00Z"}}, {"model": "market.review", "pk": 134, "fields": {"product": 42, "user": 9, "rating": 4, "comment": "This piece has such a unique story to tell. Love the sustainable approach!", "created_at": "2026-02-23T10:00:00Z"}}, {"model": "market.review", "pk": 135, "fields": {"product": 42, "user": 2, "rating": 4, "comment": "Absolutely stunning piece! The craftsmanship is incredible and the sustainable materials make it even more special.", "created_at": "2026-01-24T10:00:00Z"}}, {"model": "market.review", "pk": 136, "fields": {"product": 42, "user": 10, "rating": 4, "comment": "Amazing attention to detail. You can tell this was made with care and environmental consciousness.", "created_at": "2026-02-25T10:00:00Z"}}, {"model": "market.review", "pk": 137, "fields": {"product": 42, "user": 11, "rating": 5, "comment": "Beautiful craftsmanship and eco-friendly materials. Exactly what I was looking for!", "created_at": "2026-01-26T10:00:00Z"}}, {"model": "market.review", "pk": 138, "fields": {"product": 42, "user": 13, "rating": 5, "comment": "Incredible work! The recycled materials create such interesting textures and patterns.", "created_at": "2026-02-27T10:00:00Z"}}, {"model": "market.review", "pk": 139, "fields": {"product": 43, "user": 9, "rating": 4, "comment": "Beautiful craftsmanship and eco-friendly materials. Exactly what I was looking for!", "created_at": "2026-01-28T10:00:00Z"}}, {"model": "market.review", "pk": 140, "fields": {"product": 43, "user": 5, "rating": 5, "comment": "This piece has become the focal point of my room. The sustainable materials give it such character.", "created_at": "2026-02-01T10:00:00Z"}}, {"model": "market.review", "pk": 141, "fields": {"product": 44, "user": 8, "rating": 4, "comment": "The craftsmanship is outstanding and the eco-friendly materials make it even better.", "created_at": "2026-01-02T10:00:00Z"}}, {"model": "market.review", "pk": 142, "fields": {"product": 44, "user": 12, "rating": 5, "comment": "This piece has such a unique story to tell. Love the sustainable approach!", "created_at": "2026-02-03T10:00:00Z"}}, {"model": "market.review", "pk": 143, "fields": {"product": 44, "user": 10, "rating": 5, "comment": "The materials used are so unique and the story behind it is inspiring.", "created_at": "2026-01-04T10:00:00Z"}}, {"model": "market.review", "pk": 144, "fields": {"product": 44, "user": 9, "rating": 4, "comment": "The artist's commitment to sustainability really shows in the quality of this piece.", "created_at": "2026-02-05T10:00:00Z"}}, {"model": "market.review", "pk": 145, "fields": {"product": 45, "user": 12, "rating": 5, "comment": "This piece has such a unique story to tell. Love the sustainable approach!", "created_at": "2026-01-06T10:00:00Z"}}, {"model": "market.review", "pk": 146, "fields": {"product": 45, "user": 6, "rating": 5, "comment": "Absolutely gorgeous! The sustainable materials add such depth and meaning to the artwork.", "created_at": "2026-02-07T10:00:00Z"}}, {"model": "market.review", "pk": 147, "fields": {"product": 46, "user": 4, "rating": 5, "comment": "Love the eco-friendly approach. This artwork not only looks beautiful but also helps the environment.", "created_at": "2026-01-08T10:00:00Z"}}, {"model": "market.review", "pk": 148, "fields": {"product": 46, "user": 6, "rating": 5, "comment": "Amazing attention to detail. You can tell this was made with care and environmental consciousness.", "created_at": "2026-02-09T10:00:00Z"}}, {"model": "market.review", "pk": 149, "fields": {"product": 46, "user": 9, "rating": 5, "comment": "This piece has become the focal point of my room. The sustainable materials give it such character.", "created_at": "2026-01-10T10:00:00Z"}}, {"model": "market.review", "pk": 150, "fields": {"product": 47, "user": 10, "rating": 5, "comment": "The attention to detail is remarkable. A true work of art that respects our planet.", "created_at": "2026-02-11T10:00:00Z"}}, {"model": "market.review", "pk": 151, "fields": {"product": 47, "user": 12, "rating": 5, "comment": "The attention to detail is remarkable. A true work of art that respects our planet.", "created_at": "2026-01-12T10:00:00Z"}}, {"model": "market.review", "pk": 152, "fields": {"product": 47, "user": 2, "rating": 4, "comment": "Stunning piece that perfectly balances aesthetics with environmental responsibility.", "created_at": "2026-02-13T10:00:00Z"}}, {"model": "market.review", "pk": 153, "fields": {"product": 47, "user": 11, "rating": 5, "comment": "Incredible work! The recycled materials create such interesting textures and patterns.", "created_at": "2026-01-14T10:00:00Z"}}, {"model": "market.review", "pk": 154, "fields": {"product": 48, "user": 12, "rating": 4, "comment": "The artist's statement really resonates with me. This piece tells such an important story.", "created_at": "2026-02-15T10:00:00Z"}}, {"model": "market.review", "pk": 155, "fields": {"product": 48, "user": 4, "rating": 4, "comment": "Absolutely stunning piece! The craftsmanship is incredible and the sustainable materials make it even more special.", "created_at": "2026-01-16T10:00:00Z"}}, {"model": "market.review", "pk": 156, "fields": {"product": 48, "user": 8, "rating": 5, "comment": "Love how this piece combines traditional techniques with modern sustainable practices.", "created_at": "2026-02-17T10:00:00Z"}}, {"model": "market.review", "pk": 157, "fields": {"product": 49, "user": 2, "rating": 4, "comment": "Absolutely gorgeous! The sustainable materials add such depth and meaning to the artwork.", "created_at": "2026-01-18T10:00:00Z"}}, {"model": "market.review", "pk": 158, "fields": {"product": 49, "user": 8, "rating": 4, "comment": "This piece adds such warmth to my space. The sustainable materials give it a unique character.", "created_at": "2026-02-19T10:00:00Z"}}, {"model": "market.review", "pk": 159, "fields": {"product": 49, "user": 9, "rating": 5, "comment": "A beautiful reminder that art can be both stunning and environmentally conscious.", "created_at": "2026-01-20T10:00:00Z"}}, {"model": "market.review", "pk": 160, "fields": {"product": 49, "user": 5, "rating": 5, "comment": "Incredible work! The recycled materials create such interesting textures and patterns.", "created_at": "2026-02-21T10:00:00Z"}}, {"model": "market.review", "pk": 161, "fields": {"product": 49, "user": 6, "rating": 5, "comment": "The artist's vision really shines through. A perfect blend of creativity and sustainability.", "created_at": "2026-01-22T10:00:00Z"}}, {"model": "market.review", "pk": 162, "fields": {"product": 50, "user": 8, "rating": 5, "comment": "The artist's commitment to sustainability really shows in the quality of this piece.", "created_at": "2026-02-23T10:00:00Z"}}, {"model": "market.review", "pk": 163, "fields": {"product": 50, "user": 7, "rating": 5, "comment": "The artist's statement really resonates with me. This piece tells such an important story.", "created_at": "2026-01-24T10:00:00Z"}}, {"model": "market.review", "pk": 164, "fields": {"product": 50, "user": 13, "rating": 5, "comment": "Incredible talent! The way recycled materials are transformed into beauty is inspiring.", "created_at": "2026-02-25T10:00:00Z"}}, {"model": "market.review", "pk": 165, "fields": {"product": 50, "user": 12, "rating": 4, "comment": "The attention to detail is remarkable. A true work of art that respects our planet.", "created_at": "2026-01-26T10:00:00Z"}}, {"model": "market.review", "pk": 166, "fields": {"product": 51, "user": 4, "rating": 5, "comment": "A beautiful reminder that art can be both stunning and environmentally conscious.", "created_at": "2026-02-27T10:00:00Z"}}, {"model": "market.review", "pk": 167, "fields": {"product": 51, "user": 1, "rating": 5, "comment": "This piece adds such warmth to my space. The sustainable materials give it a unique character.", "created_at": "2026-01-28T10:00:00Z"}}, {"model": "market.review", "pk": 168, "fields": {"product": 51, "user": 3, "rating": 4, "comment": "Absolutely gorgeous! The sustainable materials add such depth and meaning to the artwork.", "created_at": "2026-02-01T10:00:00Z"}}, {"model": "market.review", "pk": 169, "fields": {"product": 52, "user": 13, "rating": 5, "comment": "Stunning piece that perfectly balances aesthetics with environmental responsibility.", "created_at": "2026-01-02T10:00:00Z"}}, {"model": "market.review", "pk": 170, "fields": {"product": 52, "user": 8, "rating": 4, "comment": "The craftsmanship is outstanding and the eco-friendly materials make it even better.", "created_at": "2026-02-03T10:00:00Z"}}, {"model": "market.review", "pk": 171, "fields": {"product": 52, "user": 4, "rating": 4, "comment": "Beautiful craftsmanship and eco-friendly materials. Exactly what I was looking for!", "created_at": "2026-01-04T10:00:00Z"}}, {"model": "market.review", "pk": 172, "fields": {"product": 52, "user": 5, "rating": 4, "comment": "Love how this piece combines traditional techniques with modern sustainable practices.", "created_at": "2026-02-05T10:00:00Z"}}, {"model": "market.review", "pk": 173, "fields": {"product": 52, "user": 11, "rating": 5, "comment": "This artwork exceeded my expectations. The sustainable approach makes it even more meaningful.", "created_at": "2026-01-06T10:00:00Z"}}, {"model": "market.review", "pk": 174, "fields": {"product": 53, "user": 8, "rating": 4, "comment": "This piece has such a unique story to tell. Love the sustainable approach!", "created_at": "2026-02-07T10:00:00Z"}}, {"model": "market.review", "pk": 175, "fields": {"product": 53, "user": 9, "rating": 5, "comment": "The artist's vision really shines through. A perfect blend of creativity and sustainability.", "created_at": "2026-01-08T10:00:00Z"}}, {"model": "market.review", "pk": 176, "fields": {"product": 53, "user": 1, "rating": 4, "comment": "A beautiful reminder that art can be both stunning and environmentally conscious.", "created_at": "2026-02-09T10:00:00Z"}}, {"model": "market.review", "pk": 177, "fields": {"product": 53, "user": 5, "rating": 5, "comment": "A beautiful reminder that art can be both stunning and environmentally conscious.", "created_at": "2026-01-10T10:00:00Z"}}, {"model": "market.review", "pk": 178, "fields": {"product": 54, "user": 6, "rating": 4, "comment": "Love the eco-friendly approach. This artwork not only looks beautiful but also helps the environment.", "created_at": "2026-02-11T10:00:00Z"}}, {"model": "market.review", "pk": 179, "fields": {"product": 54, "user": 3, "rating": 4, "comment": "This piece has become the focal point of my room. The sustainable materials give it such character.", "created_at": "2026-01-12T10:00:00Z"}}, {"model": "market.review", "pk": 180, "fields": {"product": 54, "user": 10, "rating": 4, "comment": "The artist's statement really resonates with me. This piece tells such an important story.", "created_at": "2026-02-13T10:00:00Z"}}, {"model": "market.review", "pk": 181, "fields": {"product": 54, "user": 1, "rating": 5, "comment": "Beautiful craftsmanship and eco-friendly materials. Exactly what I was looking for!", "created_at": "2026-01-14T10:00:00Z"}}, {"model": "market.review", "pk": 182, "fields": {"product": 54, "user": 7, "rating": 5, "comment": "The artist's statement really resonates with me. This piece tells such an important story.", "created_at": "2026-02-15T10:00:00Z"}}, {"model": "market.review", "pk": 183, "fields": {"product": 55, "user": 1, "rating": 5, "comment": "The artist's statement really resonates with me. This piece tells such an important story.", "created_at": "2026-01-16T10:00:00Z"}}, {"model": "market.review", "pk": 184, "fields": {"product": 55, "user": 6, "rating": 4, "comment": "Beautiful craftsmanship and eco-friendly materials. Exactly what I was looking for!", "created_at": "2026-02-17T10:00:00Z"}}, {"model": "market.review", "pk": 185, "fields": {"product": 55, "user": 10, "rating": 5, "comment": "The materials used are so unique and the story behind it is inspiring.", "created_at": "2026-01-18T10:00:00Z"}}, {"model": "market.review", "pk": 186, "fields": {"product": 55, "user": 9, "rating": 5, "comment": "The artist's commitment to sustainability really shows in the quality of this piece.", "created_at": "2026-02-19T10:00:00Z"}}, {"model": "market.review", "pk": 187, "fields": {"product": 56, "user": 5, "rating": 5, "comment": "Love the eco-friendly approach. This artwork not only looks beautiful but also helps the environment.", "created_at": "2026-01-20T10:00:00Z"}}, {"model": "market.review", "pk": 188, "fields": {"product": 56, "user": 8, "rating": 4, "comment": "The attention to detail is remarkable. A true work of art that respects our planet.", "created_at": "2026-02-21T10:00:00Z"}}, {"model": "market.review", "pk": 189, "fields": {"product": 56, "user": 7, "rating": 5, "comment": "Incredible work! The recycled materials create such interesting textures and patterns.", "created_at": "2026-01-22T10:00:00Z"}}, {"model": "market.review", "pk": 190, "fields": {"product": 56, "user": 3, "rating": 5, "comment": "The attention to detail is remarkable. A true work of art that respects our planet.", "created_at": "2026-02-23T10:00:00Z"}}, {"model": "market.review", "pk": 191, "fields": {"product": 57, "user": 10, "rating": 4, "comment": "This piece has become the focal point of my room. The sustainable materials give it such character.", "created_at": "2026-01-24T10:00:00Z"}}, {"model": "market.review", "pk": 192, "fields": {"product": 57, "user": 6, "rating": 5, "comment": "Absolutely stunning piece! The craftsmanship is incredible and the sustainable materials make it even more special.", "created_at": "2026-02-25T10:00:00Z"}}, {"model": "market.review", "pk": 193, "fields": {"product": 57, "user": 4, "rating": 5, "comment": "This piece adds such warmth to my space. The sustainable materials give it a unique character.", "created_at": "2026-01-26T10:00:00Z"}}, {"model": "market.review", "pk": 194, "fields": {"product": 57, "user": 11, "rating": 4, "comment": "Love how this piece combines traditional techniques with modern sustainable practices.", "created_at": "2026-02-27T10:00:00Z"}}, {"model": "market.review", "pk": 195, "fields": {"product": 58, "user": 11, "rating": 4, "comment": "Absolutely gorgeous! The sustainable materials add such depth and meaning to the artwork.", "created_at": "2026-01-28T10:00:00Z"}}, {"model": "market.review", "pk": 196, "fields": {"product": 58, "user": 4, "rating": 5, "comment": "Absolutely stunning piece! The craftsmanship is incredible and the sustainable materials make it even more special.", "created_at": "2026-02-01T10:00:00Z"}}, {"model": "market.review", "pk": 197, "fields": {"product": 59, "user": 3, "rating": 4, "comment": "This piece adds such warmth to my space. The sustainable materials give it a unique character.", "created_at": "2026-01-02T10:00:00Z"}}, {"model": "market.review", "pk": 198, "fields": {"product": 59, "user": 1, "rating": 5, "comment": "Absolutely gorgeous! The sustainable materials add such depth and meaning to the artwork.", "created_at": "2026-02-03T10:00:00Z"}}, {"model": "market.review", "pk": 199, "fields": {"product": 59, "user": 10, "rating": 4, "comment": "The artist's vision really shines through. A perfect blend of creativity and sustainability.", "created_at": "2026-01-04T10:00:00Z"}}, {"model": "market.review", "pk": 200, "fields": {"product": 59, "user": 2, "rating": 4, "comment": "This piece has become the focal point of my room. The sustainable materials give it such character.", "created_at": "2026-02-05T10:00:00Z"}}, {"model": "market.review", "pk": 201, "fields": {"product": 59, "user": 13, "rating": 4, "comment": "Love the eco-friendly approach. This artwork not only looks beautiful but also helps the environment.", "created_at": "2026-01-06T10:00:00Z"}}, {"model": "market.review", "pk": 202, "fields": {"product": 60, "user": 13, "rating": 5, "comment": "This piece adds such warmth to my space. The sustainable materials give it a unique character.", "created_at": "2026-02-07T10:00:00Z"}}, {"model": "market.review", "pk": 203, "fields": {"product": 60, "user": 6, "rating": 4, "comment": "This piece has such a unique story to tell. Love the sustainable approach!", "created_at": "2026-01-08T10:00:00Z"}}, {"model": "market.review", "pk": 204, "fields": {"product": 60, "user": 12, "rating": 4, "comment": "This piece has such a unique story to tell. Love the sustainable approach!", "created_at": "2026-02-09T10:00:00Z"}}, {"model": "market.review", "pk": 205, "fields": {"product": 60, "user": 1, "rating": 5, "comment": "This artwork exceeded my expectations. The sustainable approach makes it even more meaningful.", "created_at": "2026-01-10T10:00:00Z"}}, {"model": "market.review", "pk": 206, "fields": {"product": 61, "user": 8, "rating": 4, "comment": "The artist's statement really resonates with me. This piece tells such an important story.", "created_at": "2026-02-11T10:00:00Z"}}, {"model": "market.review", "pk": 207, "fields": {"product": 61, "user": 5, "rating": 5, "comment": "Incredible work! The recycled materials create such interesting textures and patterns.", "created_at": "2026-01-12T10:00:00Z"}}, {"model": "market.review", "pk": 208, "fields": {"product": 61, "user": 1, "rating": 4, "comment": "Stunning piece that perfectly balances aesthetics with environmental responsibility.", "created_at": "2026-02-13T10:00:00Z"}}, {"model": "market.review", "pk": 209, "fields": {"product": 62, "user": 4, "rating": 5, "comment": "Love how this piece combines traditional techniques with modern sustainable practices.", "created_at": "2026-01-14T10:00:00Z"}}, {"model": "market.review", "pk": 210, "fields": {"product": 62, "user": 7, "rating": 4, "comment": "This piece adds such warmth to my space. The sustainable materials give it a unique character.", "created_at": "2026-02-15T10:00:00Z"}}, {"model": "market.review", "pk": 211, "fields": {"product": 62, "user": 8, "rating": 4, "comment": "This piece has such a unique story to tell. Love the sustainable approach!", "created_at": "2026-01-16T10:00:00Z"}}, {"model": "market.review", "pk": 212, "fields": {"product": 63, "user": 3, "rating": 4, "comment": "The materials used are so unique and the story behind it is inspiring.", "created_at": "2026-02-17T10:00:00Z"}}, {"model": "market.review", "pk": 213, "fields": {"product": 63, "user": 10, "rating": 5, "comment": "Absolutely gorgeous! The sustainable materials add such depth and meaning to the artwork.", "created_at": "2026-01-18T10:00:00Z"}}, {"model": "market.review", "pk": 214, "fields": {"product": 63, "user": 12, "rating": 4, "comment": "Incredible talent! The way recycled materials are transformed into beauty is inspiring.", "created_at": "2026-02-19T10:00:00Z"}}, {"model": "market.review", "pk": 215, "fields": {"product": 64, "user": 11, "rating": 5, "comment": "This piece has such a unique story to tell. Love the sustainable approach!", "created_at": "2026-01-20T10:00:00Z"}}, {"model": "market.review", "pk": 216, "fields": {"product": 64, "user": 5, "rating": 5, "comment": "The artist's commitment to sustainability really shows in the quality of this piece.", "created_at": "2026-02-21T10:00:00Z"}}, {"model": "market.review", "pk": 217, "fields": {"product": 64, "user": 6, "rating": 5, "comment": "Love the eco-friendly approach. This artwork not only looks beautiful but also helps the environment.", "created_at": "2026-01-22T10:00:00Z"}}, {"model": "market.review", "pk": 218, "fields": {"product": 64, "user": 2, "rating": 4, "comment": "This piece has become the focal point of my room. The sustainable materials give it such character.", "created_at": "2026-02-23T10:00:00Z"}}, {"model": "market.review", "pk": 219, "fields": {"product": 65, "user": 1, "rating": 5, "comment": "A beautiful reminder that art can be both stunning and environmentally conscious.", "created_at": "2026-01-24T10:00:00Z"}}, {"model": "market.review", "pk": 220, "fields": {"product": 65, "user": 7, "rating": 4, "comment": "The artist's statement really resonates with me. This piece tells such an important story.", "created_at": "2026-02-25T10:00:00Z"}}, {"model": "market.review", "pk": 221, "fields": {"product": 58, "user": 13, "rating": 3, "comment": "rfsersg", "created_at": "2026-01-26T10:00:00Z"}}, {"model": "market.review", "pk": 224, "fields": {"product": 66, "user": 12, "rating": 1, "comment": "szdfsdav", "created_at": "2026-02-27T10:00:00Z"}}, {"model": "market.order", "pk": 1, "fields": {"user": 13, "order_number": "KNBIKPAB", "status": "pending", "payment_status": "pending", "payment_method": "paypal", "shipping_address": "sdfsdf", "shipping_city": "Windsor", "shipping_state": "Ontario", "shipping_zip_code": "N9A 5C3", "shipping_country": "Canada", "shipping_phone": "5483321626", "subtotal": "643.00", "shipping_cost": "15.00", "tax": "51.44", "total": "709.44", "created_at": "2026-01-02T10:30:00Z", "updated_at": "2025-07-19T23:06:28.775Z", "paid_at": null, "shipped_at": null, "notes": ""}}, {"model": "market.order", "pk": 2, "fields": {"user": 12, "order_number": "HCYYEKEA", "status": "pending", "payment_status": "pending", "payment_method": "credit_card", "shipping_address": "235 Crawford Avenue", "shipping_city": "Windsor", "shipping_state": "Ontario", "shipping_zip_code": "N9A 5C3", "shipping_country": "Canada", "shipping_phone": "5483321626", "subtotal": "754.00", "shipping_cost": "15.00", "tax": "60.32", "total": "829.32", "created_at": "2026-02-03T10:30:00Z", "updated_at": "2025-07-22T22:46:05.450Z", "paid_at": null, "shipped_at": null, "notes": ""}}, {"model": "market.order", "pk": 3, "fields": {"user": 13, "order_number": "7TI6JPTH", "status": "pending", "payment_status": "pending", "payment_method": "paypal", "shipping_address": "sdfsdf", "shipping_city": "Windsor", "shipping_state": "Ontario", "shipping_zip_code": "N9A 5C3", "shipping_country": "Canada", "shipping_phone": "5483321626", "subtotal": "643.00", "shipping_cost": "15.00", "tax": "51.44", "total": "709.44", "created_at": "2026-01-21T21:02:00Z", "updated_at": "2026-03-25T21:02:09.163Z", "paid_at": null, "shipped_at": null, "notes": ""}}, {"model": "market.order", "pk": 4, "fields": {"user": 12, "order_number": "YMLLY427", "status": "pending", "payment_status": "pending", "payment_method": "credit_card", "shipping_address": "235 Crawford Avenue", "shipping_city": "Windsor", "shipping_state": "Ontario", "shipping_zip_code": "N9A 5C3", "shipping_country": "Canada", "shipping_phone": "5483321626", "subtotal": "754.00", "shipping_cost": "15.00", "tax": "60.32", "total": "829.32", "created_at": "2026-02-19T21:16:00Z", "updated_at": "2026-03-25T21:02:09.169Z", "paid_at": null, "shipped_at": null, "notes": ""}}, {"model": "market.order", "pk": 5, "fields": {"user": 13, "order_number": "4BSQSQU9", "status": "pending", "payment_status": "pending", "payment_method": "paypal", "shipping_address": "sdfsdf", "shipping_city": "Windsor", "shipping_state": "Ontario", "shipping_zip_code": "N9A 5C3", "shipping_country": "Canada", "shipping_phone": "5483321626", "subtotal": "643.00", "shipping_cost": "15.00", "tax": "51.44", "total": "709.44", "created_at": "2026-01-19T12:02:00Z", "updated_at": "2026-03-25T21:02:09.173Z", "paid_at": null, "shipped_at": null, "notes": ""}}, {"model": "market.order", "pk": 6, "fields": {"user": 12, "order_number": "ETIK9ZR9", "status": "pending", "payment_status": "pending", "payment_method": "credit_card", "shipping_address": "235 Crawford Avenue", "shipping_city": "Windsor", "shipping_state": "Ontario", "shipping_zip_code": "N9A 5C3", "shipping_country": "Canada", "shipping_phone": "5483321626", "subtotal": "754.00", "shipping_cost": "15.00", "tax": "60.32", "total": "829.32", "created_at": "2026-01-17T10:21:00Z", "updated_at": "2026-03-25T21:02:09.177Z", "paid_at": null, "shipped_at": null, "notes": ""}}, {"model": "market.order", "pk": 7, "fields": {"user": 13, "order_number": "03N2P8RS", "status": "pending", "payment_status": "pending", "payment_method": "paypal", "shipping_address": "sdfsdf", "shipping_city": "Windsor", "shipping_state": "Ontario", "shipping_zip_code": "N9A 5C3", "shipping_country": "Canada", "shipping_phone": "5483321626", "subtotal": "643.00", "shipping_cost": "15.00", "tax": "51.44", "total": "709.44", "created_at": "2026-01-08T15:35:00Z", "updated_at": "2026-03-25T21:02:09.181Z", "paid_at": null, "shipped_at": null, "notes": ""}}, {"model": "market.order", "pk": 8, "fields": {"user": 12, "order_number": "2ZTAYYKL", "status": "pending", "payment_status": "pending", "payment_method": "credit_card", "shipping_address": "235 Crawford Avenue", "shipping_city": "Windsor", "shipping_state": "Ontario", "shipping_zip_code": "N9A 5C3", "shipping_country": "Canada", "shipping_phone": "5483321626", "subtotal": "754.00", "shipping_cost": "15.00", "tax": "60.32", "total": "829.32", "created_at": "2026-01-13T21:53:00Z", "updated_at": "2026-03-25T21:02:09.184Z", "paid_at": null, "shipped_at": null, "notes": ""}}, {"model": "market.order", "pk": 9, "fields": {"user": 13, "order_number": "JSLLW9MO", "status": "pending", "payment_status": "pending", "payment_method": "paypal", "shipping_address": "sdfsdf", "shipping_city": "Windsor", "shipping_state": "Ontario", "shipping_zip_code": "N9A 5C3", "shipping_country": "Canada", "shipping_phone": "5483321626", "subtotal": "643.00", "shipping_cost": "15.00", "tax": "51.44", "total": "709.44", "created_at": "2026-02-25T15:12:00Z", "updated_at": "2026-03-25T21:02:09.187Z", "paid_at": null, "shipped_at": null, "notes": ""}}, {"model": "market.order", "pk": 10, "fields": {"user": 12, "order_number": "BUKNXYW8", "status": "pending", "payment_status": "pending", "payment_method": "credit_card", "shipping_address": "235 Crawford Avenue", "shipping_city": "Windsor", "shipping_state": "Ontario", "shipping_zip_code": "N9A 5C3", "shipping_country": "Canada", "shipping_phone": "5483321626", "subtotal": "754.00", "shipping_cost": "15.00", "tax": "60.32", "total": "829.32", "created_at": "2026-01-03T18:22:00Z", "updated_at": "2026-03-25T21:02:09.191Z", "paid_at": null, "shipped_at": null, "notes": ""}}, {"model": "market.order", "pk": 11, "fields": {"user": 13, "order_number": "Z5SYG79Q", "status": "pending", "payment_status": "pending", "payment_method": "paypal", "shipping_address": "sdfsdf", "shipping_city": "Windsor", "shipping_state": "Ontario", "shipping_zip_code": "N9A 5C3", "shipping_country": "Canada", "shipping_phone": "5483321626", "subtotal": "643.00", "shipping_cost": "15.00", "tax": "51.44", "total": "709.44", "created_at": "2026-01-17T12:13:00Z", "updated_at": "2026-03-25T21:02:09.195Z", "paid_at": null, "shipped_at": null, "notes": ""}}, {"model": "market.order", "pk": 12, "fields": {"user": 12, "order_number": "KIM024SK", "status": "pending", "payment_status": "pending", "payment_method": "credit_card", "shipping_address": "235 Crawford Avenue", "shipping_city": "Windsor", "shipping_state": "Ontario", "shipping_zip_code": "N9A 5C3", "shipping_country": "Canada", "shipping_phone": "5483321626", "subtotal": "754.00", "shipping_cost": "15.00", "tax": "60.32", "total": "829.32", "created_at": "2026-02-05T19:38:00Z", "updated_at": "2026-03-25T21:02:09.198Z", "paid_at": null, "shipped_at": null, "notes": ""}}, {"model": "market.order", "pk": 13, "fields": {"user": 13, "order_number": "45U2S31H", "status": "pending", "payment_status": "pending", "payment_method": "paypal", "shipping_address": "sdfsdf", "shipping_city": "Windsor", "shipping_state": "Ontario", "shipping_zip_code": "N9A 5C3", "shipping_country": "Canada", "shipping_phone": "5483321626", "subtotal": "643.00", "shipping_cost": "15.00", "tax": "51.44", "total": "709.44", "created_at": "2026-01-26T17:26:00Z", "updated_at": "2026-03-25T21:02:09.201Z", "paid_at": null, "shipped_at": null, "notes": ""}}, {"model": "market.order", "pk": 14, "fields": {"user": 12, "order_number": "QYIMOD16", "status": "pending", "payment_status": "pending", "payment_method": "credit_card", "shipping_address": "235 Crawford Avenue", "shipping_city": "Windsor", "shipping_state": "Ontario", "shipping_zip_code": "N9A 5C3", "shipping_country": "Canada", "shipping_phone": "5483321626", "subtotal": "754.00", "shipping_cost": "15.00", "tax": "60.32", "total": "829.32", "created_at": "2026-02-25T11:57:00Z", "updated_at": "2026-03-25T21:02:09.204Z", "paid_at": null, "shipped_at": null, "notes": ""}}, {"model": "market.order", "pk": 15, "fields": {"user": 13, "order_number": "H2DDLW8U", "status": "pending", "payment_status": "pending", "payment_method": "paypal", "shipping_address": "sdfsdf", "shipping_city": "Windsor", "shipping_state": "Ontario", "shipping_zip_code": "N9A 5C3", "shipping_country": "Canada", "shipping_phone": "5483321626", "subtotal": "643.00", "shipping_cost": "15.00", "tax": "51.44", "total": "709.44", "created_at": "2026-01-09T17:05:00Z", "updated_at": "2026-03-25T21:02:09.207Z", "paid_at": null, "shipped_at": null, "notes": ""}}, {"model": "market.order", "pk": 16, "fields": {"user": 12, "order_number": "8LCEBVNW", "status": "pending", "payment_status": "pending", "payment_method": "credit_card", "shipping_address": "235 Crawford Avenue", "shipping_city": "Windsor", "shipping_state": "Ontario", "shipping_zip_code": "N9A 5C3", "shipping_country": "Canada", "shipping_phone": "5483321626", "subtotal": "754.00", "shipping_cost": "15.00", "tax": "60.32", "total": "829.32", "created_at": "2026-01-12T09:37:00Z", "updated_at": "2026-03-25T21:02:09.211Z", "paid_at": null, "shipped_at": null, "notes": ""}}, {"model": "market.order", "pk": 17, "fields": {"user": 13, "order_number": "9MHDWSQN", "status": "pending", "payment_status": "pending", "payment_method": "paypal", "shipping_address": "sdfsdf", "shipping_city": "Windsor", "shipping_state": "Ontario", "shipping_zip_code": "N9A 5C3", "shipping_country": "Canada", "shipping_phone": "5483321626", "subtotal": "643.00", "shipping_cost": "15.00", "tax": "51.44", "total": "709.44", "created_at": "2026-01-22T19:41:00Z", "updated_at": "2026-03-25T21:02:09.214Z", "paid_at": null, "shipped_at": null, "notes": ""}}, {"model": "market.orderitem", "pk": 1, "fields": {"order": 1, "product": 58, "quantity": 1, "price": "643.00"}}, {"model": "market.orderitem", "pk": 2, "fields": {"order": 2, "product": 60, "quantity": 1, "price": "754.00"}}, {"model": "market.orderitem", "pk": 3, "fields": {"order": 3, "product": 58, "quantity": 1, "price": "643.00"}}, {"model": "market.orderitem", "pk": 4, "fields": {"order": 4, "product": 60, "quantity": 1, "price": "754.00"}}, {"model": "market.orderitem", "pk": 5, "fields": {"order": 5, "product": 58, "quantity": 1, "price": "643.00"}}, {"model": "market.orderitem", "pk": 6, "fields": {"order": 6, "product": 60, "quantity": 1, "price": "754.00"}}, {"model": "market.orderitem", "pk": 7, "fields": {"order": 7, "product": 58, "quantity": 1, "price": "643.00"}}, {"model": "market.orderitem", "pk": 8, "fields": {"order": 8, "product": 60, "quantity": 1, "price": "754.00"}}, {"model": "market.orderitem", "pk": 9, "fields": {"order": 9, "product": 58, "quantity": 1, "price": "643.00"}}, {"model": "market.orderitem", "pk": 10, "fields": {"order": 10, "product": 60, "quantity": 1, "price": "754.00"}}, {"model": "market.orderitem", "pk": 11, "fields": {"order": 11, "product": 58, "quantity": 1, "price": "643.00"}}, {"model": "market.orderitem", "pk": 12, "fields": {"order": 12, "product": 60, "quantity": 1, "price": "754.00"}}, {"model": "market.orderitem", "pk": 13, "fields": {"order": 13, "product": 58, "quantity": 1, "price": "643.00"}}, {"model": "market.orderitem", "pk": 14, "fields": {"order": 14, "product": 60, "quantity": 1, "price": "754.00"}}, {"model": "market.orderitem", "pk": 15, "fields": {"order": 15, "product": 58, "quantity": 1, "price": "643.00"}}, {"model": "market.orderitem", "pk": 16, "fields": {"order": 16, "product": 60, "quantity": 1, "price": "754.00"}}, {"model": "market.orderitem", "pk": 17, "fields": {"order": 17, "product": 58, "quantity": 1, "price": "643.00"}}, {"model": "market.contactmessage", "pk": 1, "fields": {"product": 37, "sender": 11, "message": "Is the price negotiable?", "created_at": "2026-01-05T20:47:00Z"}}, {"model": "market.contactmessage", "pk": 2, "fields": {"product": 12, "sender": 14, "message": "Can you tell me how long shipping will take?", "created_at": "2026-01-04T09:19:00Z"}}, {"model": "market.contactmessage", "pk": 3, "fields": {"product": 9, "sender": 13, "message": "Do you have more photos of this item?", "created_at": "2026-02-18T16:49:00Z"}}, {"model": "market.contactmessage", "pk": 4, "fields": {"product": 38, "sender": 1, "message": "What are the exact dimensions of this product?", "created_at": "2026-01-25T20:50:00Z"}}, {"model": "market.contactmessage", "pk": 5, "fields": {"product": 18, "sender": 8, "message": "Can you deliver this item to my location?", "created_at": "2026-02-23T22:11:00Z"}}, {"model": "market.contactmessage", "pk": 6, "fields": {"product": 44, "sender": 1, "message": "Is the price negotiable?", "created_at": "2026-02-12T21:07:00Z"}}, {"model": "market.contactmessage", "pk": 7, "fields": {"product": 53, "sender": 8, "message": "Can you share more details about the materials used?", "created_at": "2026-01-24T16:25:00Z"}}, {"model": "market.contactmessage", "pk": 8, "fields": {"product": 34, "sender": 15, "message": "Can you share more details about the materials used?", "created_at": "2026-02-13T19:24:00Z"}}, {"model": "market.contactmessage", "pk": 9, "fields": {"product": 4, "sender": 9, "message": "Can you tell me how long shipping will take?", "created_at": "2026-02-28T13:22:00Z"}}, {"model": "market.contactmessage", "pk": 10, "fields": {"product": 10, "sender": 9, "message": "I am interested in buying this. Please reply.", "created_at": "2026-01-27T13:28:00Z"}}, {"model": "market.contactmessage", "pk": 11, "fields": {"product": 54, "sender": 5, "message": "I really like this artwork. Is it handmade?", "created_at": "2026-02-28T16:47:00Z"}}, {"model": "market.contactmessage", "pk": 12, "fields": {"product": 4, "sender": 2, "message": "Do you have more photos of this item?", "created_at": "2026-02-23T16:20:00Z"}}, {"model": "market.profile", "pk": 1, "fields": {"user": 2, "bio": "Passionate metal sculptor transforming automotive waste into stunning steampunk art. Specializing in recycled metal sculptures that tell stories of environmental consciousness. Each piece is handcrafted from salvaged materials, giving new life to what others discard.", "location": "Portland, Oregon", "profile_picture": "", "phone": "(503) 555-0123", "social_link": "https://instagram.com/sarahgreenwoodmetal", "is_artist": false}}, {"model": "market.profile", "pk": 2, "fields": {"user": 3, "bio": "Artisan jewelry maker and textile artist creating beautiful pieces from natural and recycled materials. Using traditional techniques with modern sustainable practices, I craft unique jewelry that honors both craftsmanship and environmental responsibility.", "location": "Austin, Texas", "profile_picture": "", "phone": "(512) 555-0456", "social_link": "https://etsy.com/shop/sustainablecrafts", "is_artist": false}}, {"model": "market.profile", "pk": 3, "fields": {"user": 4, "bio": "Contemporary artist exploring the intersection of art and environmental consciousness. My mixed media pieces combine recycled materials with traditional techniques, creating thought-provoking artwork that challenges our relationship with consumption.", "location": "Seattle, Washington", "profile_picture": "", "phone": "(206) 555-0789", "social_link": "https://davidchenart.com", "is_artist": false}}, {"model": "market.profile", "pk": 4, "fields": {"user": 5, "bio": "Sustainable fashion designer and textile artist using organic materials and ethical production practices. Creating stylish, eco-conscious clothing that proves fashion can be both beautiful and environmentally responsible.", "location": "San Francisco, California", "profile_picture": "", "phone": "(415) 555-0321", "social_link": "https://greencreations.com", "is_artist": false}}, {"model": "market.profile", "pk": 5, "fields": {"user": 6, "bio": "Creator of eco-friendly art supplies and natural paints. Using traditional methods with modern sustainable practices, I produce high-quality art materials that are safe for artists and the environment.", "location": "Boulder, Colorado", "profile_picture": "", "phone": "(303) 555-0654", "social_link": "https://naturalpaints.com", "is_artist": false}}, {"model": "market.profile", "pk": 6, "fields": {"user": 7, "bio": "Ceramic artist and home decor creator specializing in handcrafted clay sculptures and sustainable home accessories. Each piece is thrown and glazed using eco-friendly practices, bringing natural beauty to your living space.", "location": "Asheville, North Carolina", "profile_picture": "", "phone": "(828) 555-0987", "social_link": "https://claycreations.com", "is_artist": false}}, {"model": "market.profile", "pk": 7, "fields": {"user": 8, "bio": "Master woodworker creating stunning sculptures and furniture from reclaimed materials. Giving new purpose to discarded wood, I craft pieces that celebrate the natural beauty and history of salvaged timber.", "location": "Detroit, Michigan", "profile_picture": "", "phone": "(313) 555-0123", "social_link": "https://reclaimedwoodart.com", "is_artist": false}}, {"model": "market.profile", "pk": 8, "fields": {"user": 9, "bio": "Digital artist and educator creating eco-conscious digital art and educational content. Using technology to raise awareness about environmental issues while demonstrating how digital art can promote sustainability.", "location": "Portland, Oregon", "profile_picture": "", "phone": "(503) 555-0456", "social_link": "https://digitalecoart.com", "is_artist": false}}, {"model": "market.profile", "pk": 9, "fields": {"user": 10, "bio": "Traditional folk artist preserving cultural heritage through sustainable materials and techniques. Creating authentic folk art pieces that honor traditional craftsmanship while using eco-friendly materials.", "location": "Santa Fe, New Mexico", "profile_picture": "", "phone": "(505) 555-0789", "social_link": "https://folkartstudio.com", "is_artist": false}}, {"model": "market.profile", "pk": 10, "fields": {"user": 11, "bio": "Installation artist and zero-waste advocate creating large-scale artworks from discarded materials. Transforming waste into wonder, my installations challenge perceptions of beauty and consumption while promoting circular economy principles.", "location": "Brooklyn, New York", "profile_picture": "", "phone": "(718) 555-0321", "social_link": "https://zerowasteart.com", "is_artist": false}}, {"model": "market.profile", "pk": 11, "fields": {"user": 13, "bio": null, "location": null, "profile_picture": "", "phone": null, "social_link": null, "is_artist": false}}, {"model": "market.profile", "pk": 12, "fields": {"user": 12, "bio": null, "location": null, "profile_picture": "", "phone": null, "social_link": null, "is_artist": false}}, {"model": "market.profile", "pk": 13, "fields": {"user": 14, "bio": null, "location": null, "profile_picture": "", "phone": null, "social_link": null, "is_artist": false}}, {"model": "market.profile", "pk": 14, "fields": {"user": 15, "bio": null, "location": null, "profile_picture": "", "phone": null, "social_link": null, "is_artist": false}}, {"model": "market.profile", "pk": 15, "fields": {"user": 16, "bio": null, "location": null, "profile_picture": "", "phone": null, "social_link": null, "is_artist": false}}, {"model": "market.profile", "pk": 16, "fields": {"user": 17, "bio": null, "location": null, "profile_picture": "", "phone": null, "social_link": null, "is_artist": true}}, {"model": "market.profile", "pk": 17, "fields": {"user": 19, "bio": null, "location": null, "profile_picture": "", "phone": null, "social_link": null, "is_artist": false}}, {"model": "market.profile", "pk": 18, "fields": {"user": 20, "bio": null, "location": null, "profile_picture": "", "phone": null, "social_link": null, "is_artist": true}}, {"model": "market.artistapplication", "pk": 1, "fields": {"user": 17, "full_name": "Alekhya Mysore", "email": "mysorea@uwindsor.ca", "artist_statement": "I want to show my art to the world", "portfolio_url": null, "years_of_experience": 2, "specialization": "eco_jewelry", "certifications": "", "is_approved": true, "created_at": "2026-03-31T02:17:54.903Z"}}, {"model": "market.artistapplication", "pk": 4, "fields": {"user": 19, "full_name": "Tanuja Mysore", "email": "tanuja@gmail.com", "artist_statement": "I want to submit my eco friendly artwork", "portfolio_url": "", "years_of_experience": 3, "specialization": "eco_jewelry", "certifications": "", "is_approved": true, "created_at": "2026-03-31T02:37:50.262Z"}}, {"model": "market.artistapplication", "pk": 5, "fields": {"user": 20, "full_name": "Balaji Mysore", "email": "balaji@gmail.com", "artist_statement": "Uploading my artwork", "portfolio_url": null, "years_of_experience": 6, "specialization": "eco_jewelry", "certifications": "", "is_approved": true, "created_at": "2026-03-31T02:43:17.376Z"}}]